supplier_id,company_name,sector,city,company_size,founded_year,employee_count,vkn,supplier_annual_revenue_tl,annual_purchase_volume_tl,total_orders_last_year,late_orders_last_year,price_q1,price_q2,price_q3,price_q4,units_shipped_last_year,units_returned_last_year,contract_start_date,last_audit_date,payment_terms_days,iso_certified,overdue_debt_ratio,debt_to_revenue_ratio,payment_default_last_3y,has_export_documentation,requires_full_upfront_payment,site_visit_verified,exports_to_eu,has_emissions_reporting_capability,period,vkn_valid,delivery_delay_rate,price_volatility,supplier_dependency_ratio,quality_return_rate,has_estimated_inputs,delivery_delay_rate_score,price_volatility_score,supplier_dependency_ratio_score,quality_return_rate_score,risk_score,risk_level,financial_risk_score,financial_risk_has_estimated_inputs,financial_risk_level
SUP043,Tarhan Şafak Elektrik Tic.,Elektronik,Kayseri,Small,1985.0,21.0,3961201837,79068927.87,13187055.48,37,11.0,242.25,236.86,225.02,215.71,14347,1362.0,2019-06-01,2026-05-18,90.0,False,0.19,0.65,False,True,False,True,False,True,2025-Q1,True,0.2972972972972973,0.05182664954439307,0.00402174386740057,0.09493273855161358,False,41.62162162162162,32.801165377171,0.054286852228282056,6.464197679603963,23.8,Medium,35.8,False,Medium
SUP026,İhsanoglu Tarhan Yapi Ltd. Şti.,İnşaat Malzemeleri,Kocaeli,Micro,2021.0,2.0,3328120679,,546710.28,24,4.0,142.89,129.82,136.03,126.74,4983,1181.0,2021-03-26,2026-03-09,90.0,False,0.25,0.41,False,True,False,True,False,False,2025-Q1,True,0.16666666666666666,0.05339224359745853,0.00016673386406613103,0.23700581978727675,False,23.333333333333332,33.90072741936862,8.939111242890233e-05,16.239291216869763,19.1,Low,34.4,True,Medium
SUP010,Sezgin Mobilya Holding A.Ş.,Mobilya,Konya,Large,1998.0,547.0,1799118380,5335670572.32,194441806.16,226,10.0,3023.66,2816.31,2876.76,2973.56,687040,111563.0,2016-10-20,2026-04-22,60.0,True,0.155,0.39,False,True,False,True,False,True,2025-Q1,True,0.04424778761061947,0.03198148123860575,0.05930020865357505,0.16238210293432698,False,6.1946902654867255,18.863328971021616,11.803465118411802,11.104934968721365,11.5,Low,24.0,True,Low
SUP056,Hayrioğlu Soylu Nakliyat Grup A.Ş.,Lojistik,Denizli,Large,1961.0,2282.0,8584161691,5528303491.61,146269607.17,342,101.0,293.75,289.3,296.1,292.74,345618,339.0,2016-09-13,2025-12-19,45.0,True,0.155,0.31,False,True,False,True,False,True,2025-Q1,True,0.2953216374269006,0.00963956244588721,0.04460881328020604,0.0009808516917521658,False,41.345029239766085,3.1719523934002063,6.679413148621871,0.0,16.9,Low,21.5,True,Low
SUP040,Yaman Zorlu Metal Ltd. Şti.,Metal ve Çelik,Eskişehir,Small,2018.0,29.0,8007661779,21408268.93,2624896.17,11,3.0,112.09,,117.18,116.83,3354,665.0,2022-11-07,2025-02-27,30.0,False,0.16,0.82,False,False,,,False,False,2025-Q1,True,0.2727272727272727,0.02464375260428876,0.0008005320134029453,0.1982707215265355,True,38.18181818181818,13.709829654616051,0.0021471479637725673,13.574189528493896,18.8,Low,38.1,False,High
SUP079,Şafak Nakliyat Tic.,Lojistik,İstanbul,Small,1994.0,11.0,5899622355,,9499698.4,51,14.0,137.47,135.27,149.82,151.83,6386,764.0,2018-05-05,2026-02-03,45.0,False,0.11,0.71,False,True,False,,False,False,2025-Q1,False,0.27450980392156865,0.05873223783965708,0.002897186095887647,0.11963670529282806,False,38.43137254901961,37.6511600189167,0.028170174621551303,8.163911541910608,24.1,Medium,29.4,False,Medium
SUP006,Tevetoğlu Otomotiv Tic.,Otomotiv Yan Sanayi,Eskişehir,Small,2008.0,38.0,9713315090,21555231.8,2900517.76,58,20.0,312.14,358.28,354.14,360.55,9227,1251.0,2020-08-25,,45.0,False,0.21,0.55,False,,False,True,False,False,2025-Q1,True,0.3448275862068966,0.06616811623350533,0.0008845901597409854,0.1355803619811423,False,48.275862068965516,42.873592753803294,0.002622601874715011,9.26088736659768,29.0,Medium,34.7,False,Medium
SUP077,Çetin Güçlü Ambalaj Tic.,Ambalaj,Adana,Small,2014.0,13.0,9668826348,70420827.23,14286766.95,13,5.0,372.08,379.17,378.44,377.05,6142,483.0,2024-09-25,2025-03-17,45.0,False,0.13,0.99,False,True,True,True,False,False,2025-Q1,True,0.38461538461538464,0.008477791396443318,0.004357130176125083,0.07863887984369912,False,53.84615384615385,2.3560069411347633,0.06371938263537869,5.343126808418578,20.3,Low,40.3,False,High
SUP085,Şafak Kimyasal Ürünler Tic.,Kimya,Sakarya,Micro,2012.0,2.0,9398262248,1471198.43,112089.39,19,4.0,152.76,152.82,,157.13,3048,708.0,2024-04-28,2024-12-27,60.0,False,0.27,0.42,False,True,False,False,False,,2025-Q1,True,0.21052631578947367,0.016246978144209667,3.418464550459074e-05,0.23228346456692914,True,29.47368421052631,7.812531785401898,0.0,15.914377703390576,14.7,Low,36.8,False,Medium
SUP004,Şafak Türk Lojistik Ltd. Şti.,Lojistik,,Small,1989.0,34.0,7978480182,48559044.46,7690647.61,44,18.0,256.11,268.74,270.14,265.29,4804,773.0,2018-03-04,2025-12-12,60.0,False,0.27,0.41,False,True,True,True,False,False,2025-Q1,True,0.4090909090909091,0.02381056233017201,0.0023454678649654356,0.1609075770191507,False,57.27272727272727,13.124655996378676,0.0184613702452857,11.003482753997718,25.0,Medium,36.5,True,Medium
SUP047,Akgündüz İçecek Tic.,Gıda ve İçecek,Ankara,Micro,2015.0,8.0,5490581475,7842056.85,1554570.98,29,10.0,37.31,38.14,39.24,39.18,717,137.0,2018-08-22,,90.0,True,0.17,0.28,False,True,False,True,False,False,2025-Q1,True,0.3448275862068966,0.023974031347745572,0.00047410783360516307,0.1910739191073919,True,48.275862068965516,13.239465021392075,0.0007505640517885217,13.079025939413588,22.2,Low,22.1,False,Low
SUP074,Yüksel Ambalaj Tic.,Ambalaj,Sakarya,Micro,,3.0,7567661829,4261512.74,1256873.38,26,10.0,151.57,154.78,155.91,146.78,2624,326.0,2017-11-24,2025-10-14,60.0,False,0.155,0.41,False,True,True,False,False,False,2025-Q1,True,0.38461538461538464,0.026860635236595844,0.0003833170199200546,0.12423780487804878,False,53.84615384615385,15.266810526968708,0.0004892665854750874,8.480482270359888,23.9,Medium,24.6,True,Low
SUP034,Şensoy Soylu Mobilya Tic.,Mobilya,Balıkesir,Small,2014.0,28.0,9217594648,25756241.96,4226295.2,53,12.0,97.78,93.65,85.74,77.73,13484,2519.0,2022-01-17,2025-02-22,90.0,,0.16,0.09,False,True,False,,,,2025-Q1,True,0.22641509433962265,0.09997567731877605,0.0012889213083392946,0.18681400177988727,False,31.69811320754717,66.61762195208385,0.005572427593645808,12.785929668288833,29.7,Medium,15.0,False,Low
SUP083,Bilge Sakarya Mobilya San. ve Tic. A.Ş.,Mobilya,Gaziantep,Medium,,194.0,4968562187,166913253.93,23298064.68,100,22.0,108.11,103.9,104.42,101.49,45532,8815.0,2022-06-19,2026-05-24,60.0,True,0.08,0.41,False,True,True,True,False,False,2025-Q1,True,0.22,0.026186778707608806,0.007105365476864727,0.1936001054203637,False,30.8,14.79354157215223,0.16945719478737337,13.252835835609893,16.5,Low,16.9,True,Low
SUP064,Tevetoğlu Şafak Mobilya Tic.,Mobilya,Ankara,Small,2009.0,,8849912163,58302167.44,12615301.74,51,9.0,190.39,192.22,192.26,197.3,11518,1359.0,2025-09-01,2026-07-19,60.0,False,0.22,0.85,False,True,False,True,False,False,2025-Q1,True,0.17647058823529413,0.015381775233979187,0.0038473723330579887,0.11798923424205592,False,24.705882352941178,7.204874725753778,0.049681119100865756,8.050560135147476,11.7,Low,45.2,False,High
SUP058,Yorulmaz Çelik San. ve Tic. A.Ş.,Metal ve Çelik,Denizli,Medium,1976.0,238.0,3786814479,129146791.58,4065714.43,86,21.0,1094.42,1213.9,1153.58,1170.15,60181,4577.0,2021-12-03,2025-03-14,45.0,False,0.12,0.48,False,True,False,False,True,,2025-Q1,True,0.2441860465116279,0.04269804271743621,0.0012399479247094593,0.07605390405609744,False,34.18604651162791,26.389880443241825,0.005156724069757694,5.16527200372507,19.3,Low,23.2,False,Low
SUP046,Gül Çelik Ltd. Şti.,Metal ve Çelik,Manisa,Micro,2002.0,9.0,2883552317,9237812.64,706128.83,10,4.0,165.76,167.71,174.85,173.91,3869,718.0,2016-11-20,2026-02-20,45.0,False,0.28,0.42,False,False,False,True,False,False,2025-Q1,True,0.4,0.02639254790660116,0.0002153527977458118,0.18557766864822953,False,56.00000000000001,14.938059239565687,0.00015174514265270468,12.700865897586706,25.2,Medium,37.9,False,High
SUP073,Şama Elektronik San. Tic. Ltd. Şti.,Elektronik,Gaziantep,Medium,2003.0,79.0,4971870724,636233018.98,76495502.54,137,0.0,761.93,708.24,685.81,717.55,42435,7390.0,2017-03-24,2026-07-09,90.0,False,0.1,0.38,False,True,False,True,True,,2025-Q1,True,0.0,0.04446408148054796,0.02332934131433333,0.1741486980087192,False,0.0,27.630220610071838,1.826843077442431,11.914515266881624,9.2,Low,18.0,False,Low
SUP076,Yaman Gül İplik San. ve Tic. A.Ş.,Tekstil,Diyarbakır,Medium,1995.0,,5283644089,495066530.34,42361047.52,71,10.0,111.83,114.76,120.99,103.83,107064,9461.0,2020-05-03,2025-11-02,45.0,False,0.09,0.51,False,True,False,True,False,False,2025-Q1,True,0.14084507042253522,0.0631379131154609,0.012919129925448991,0.08836770529776582,True,19.71830985915493,40.7453933510101,0.560222714237415,6.012501879291345,18.1,Low,21.0,False,Low
SUP017,Kısakürek Mobilya San. ve Tic. A.Ş.,Mobilya,Bursa,Medium,1982.0,166.0,3788957982,544939452.11,24063339.08,64,21.0,826.44,790.82,780.69,795.25,104155,7464.0,2018-10-25,2026-08-27,90.0,False,0.23,0.26,False,False,False,True,True,False,2025-Q1,True,0.328125,0.02470873202724031,0.0073387562918003635,0.07166242619173348,False,45.9375,13.755466585122738,0.18077265244332766,4.863123936563883,20.3,Low,27.6,False,Low
SUP067,Akçay İnşaat Malzemeleri Tic.,İnşaat Malzemeleri,Tekirdağ,Small,2014.0,44.0,6854973341,79747507.16,18542460.44,54,6.0,189.65,177.74,183.46,196.51,3840,622.0,2023-01-17,2025-08-16,60.0,False,0.19,0.64,False,True,True,False,False,False,2025-Q1,True,0.1111111111111111,0.043221285050834786,0.005655017276160551,0.16197916666666667,False,15.555555555555554,26.757368686793505,0.10733694344476218,11.077211633155756,13.8,Low,35.5,False,Medium
SUP008,Dumanlı Zengin Otomotiv Ltd. Şti.,Otomotiv Yan Sanayi,Van,Small,2000.0,20.0,7773602601,,6186780.21,25,7.0,93.9,89.88,99.94,102.78,3639,388.0,2023-10-30,2025-02-28,90.0,False,0.09,0.8,False,True,False,,False,False,2025-Q1,True,0.28,0.06028520506728083,0.0018868234388077897,0.10662269854355592,False,39.2,38.74185387594078,0.011945853064456852,7.268505232972118,24.5,Medium,30.2,False,Medium
SUP078,Sakarya Ambalaj Tic.,Ambalaj,Denizli,Micro,2009.0,1.0,4317393637,8379359.71,548521.17,16,8.0,115.37,106.93,107.69,114.03,857,35.0,2023-08-14,2025-02-04,60.0,False,0.26,0.41,False,True,True,False,False,,2025-Q1,True,0.5,0.03885159670191956,0.0001672861432131387,0.040840140023337225,False,70.0,23.688410015615265,9.001030872365859e-05,2.7424496490211037,30.8,Medium,35.5,True,Medium
SUP061,Erdoğan Elektronik Grup A.Ş.,Elektronik,,Large,1989.0,2728.0,6900109439,6921535943.09,164700703.74,277,63.0,4521.08,4479.72,4670.04,4938.12,624103,86701.0,2024-12-16,2026-06-05,90.0,True,0.09,0.04,False,True,False,True,False,True,2025-Q1,True,0.22743682310469315,0.04457480702379002,0.05022986717751362,0.13892097938961998,False,31.84115523465704,27.707986365640654,8.468784478582988,9.490732790910833,21.6,Low,6.2,False,Low
SUP018,Arslan İcecek Ltd. Şti.,Gıda ve İçecek,Konya,Small,1990.0,18.0,3362316656,33327239.36,2812577.12,57,23.0,200.53,227.91,233.47,227.42,14614,896.0,2018-01-12,2025-11-12,90.0,False,0.24,0.26,False,True,False,True,False,True,2025-Q1,True,0.40350877192982454,0.06652968070200092,0.0008577703188635676,0.06131107157520186,False,56.49122807017544,43.127529950732914,0.0024657493799104665,4.150916819396038,31.2,High,28.7,False,Low
SUP025,Ülker Kimya Ltd. Şti.,Kimya,Kocaeli,Small,1992.0,14.0,7719022941,72767565.36,4204618.24,12,3.0,225.0,219.42,208.51,201.69,1393,155.0,2022-09-26,2025-02-19,30.0,False,0.19,0.53,False,True,False,True,False,False,2025-Q1,True,0.25,0.04920601372379226,0.0012823103419202858,0.11127063890882986,False,35.0,30.96061694821275,0.005515371323365365,7.588298760577975,21.1,Low,32.0,False,Medium
SUP020,Ülker Bilgin Kauçuk Tic.,Plastik ve Kauçuk,Kocaeli,Small,1986.0,,1531003305,22212953.85,2922639.59,11,5.0,,260.01,235.06,215.76,1875,183.0,2017-11-16,2024-10-15,45.0,False,0.155,0.47,True,True,False,,False,False,2025-Q1,True,0.45454545454545453,0.09363013483471216,0.0008913368011176832,0.0976,True,63.63636363636363,62.16096370215804,0.0026628189003756676,6.647714007394956,38.8,High,66.5,True,High
SUP080,Seven Ambalaj San. ve Tic. A.Ş.,Ambalaj,Konya,Medium,,184.0,1100623127,403807855.63,47193220.98,110,13.0,1108.3,1046.96,1148.44,1126.23,95800,6056.0,2022-09-20,2025-08-05,30.0,True,0.14,0.48,False,True,,True,False,False,2025-Q1,True,0.11818181818181818,0.03933316189168112,0.014392829949570736,0.06321503131524009,False,16.545454545454543,24.026627194243858,0.6953239055686149,4.281915488448554,12.6,Low,25.3,False,Low
SUP019,Akar İnsaat Malzemeleri Ltd. Şti.,İnşaat Malzemeleri,İzmir,Small,2012.0,41.0,1656272985,72597068.78,15861083.6,34,11.0,,227.63,252.64,270.52,13112,2592.0,2022-11-05,2025-12-02,30.0,False,0.13,0.21,False,True,True,True,False,False,2025-Q1,True,0.3235294117647059,0.08608351484899146,0.004837259977814831,0.19768151311775473,True,45.294117647058826,56.86075394028474,0.07853701496534855,13.53365005923848,32.1,High,15.7,False,Low
SUP032,Aslan Erdoğan İplik San. ve Tic. A.Ş.,Tekstil,İstanbul,Medium,,184.0,8026217457,922087151.04,58434839.42,80,4.0,599.44,573.81,577.47,568.64,107609,11612.0,2022-01-22,2025-07-18,90.0,False,0.32,0.15,False,True,False,True,False,True,2025-Q1,True,0.05,0.0233848500870223,0.01782126096582723,0.10790918975178657,False,7.000000000000001,12.82566595962574,1.0660375046327641,7.357020043701567,7.0,Low,33.5,False,Medium
SUP060,Gül İçecek San. ve Tic. A.Ş.,Gıda ve İçecek,Çorum,Large,,2508.0,3268018242,7997165307.54,8498981.51,144,11.0,1547.18,1542.01,1593.66,1600.93,148941,22964.0,2018-01-12,,45.0,True,0.16,0.47,False,True,,True,False,True,2025-Q1,True,0.0763888888888889,0.01950644160100058,0.0025919908215168387,0.15418185724548647,True,10.694444444444445,10.101747363348167,0.022546991128004314,10.540731194580543,7.9,Low,27.0,False,Low
SUP016,Ertaş Duran Mobilya San. Tic. Ltd. Şti.,Mobilya,Van,Medium,1990.0,222.0,5332003793,497943819.37,19877019.05,123,36.0,,530.69,587.07,576.18,52237,8956.0,2017-06-06,2026-03-30,30.0,False,0.16,0.26,False,True,False,,True,False,2025-Q1,True,0.2926829268292683,0.05296618586951477,0.00606202647647781,0.17144935582058693,True,40.97560975609756,33.60149473863977,0.1233442956376283,11.72879167907323,24.5,Medium,20.4,False,Low
SUP007,Akar Demirel Makine İmalat Ltd. Şti.,Makine İmalat,Balıkesir,Micro,2013.0,4.0,2165667019,9101490.12,2802263.44,25,16.0,,51.51,53.16,,582,36.0,2017-02-21,2025-11-19,30.0,False,0.25,0.35,True,,False,False,False,False,2025-Q1,True,0.64,0.022293421017632608,0.0008546248873945606,0.061855670103092786,True,89.60000000000001,12.059123717016831,0.002447670086494956,4.188386982667577,35.0,High,72.5,False,High
SUP031,Alemdar Türk Mobilya Tic.,Mobilya,İstanbul,Small,2015.0,32.0,6886753392,87762424.1,8498981.51,42,8.0,355.7,323.63,318.56,297.05,12727,727.0,2017-08-23,2025-03-06,90.0,False,0.16,0.61,False,True,False,True,False,False,2025-Q1,True,0.19047619047619047,0.07483163925766839,0.0025919908215168387,0.057122652628270605,True,26.666666666666668,48.95823586446313,0.022546991128004314,3.8627398711422254,22.2,Low,31.4,False,Medium
SUP023,Karadeniz Demir Çelik Tic.,Metal ve Çelik,Van,Small,2000.0,40.0,8701436349,81804912.11,8579252.98,21,8.0,105.75,101.81,97.31,100.7,8488,872.0,2024-05-28,2026-01-16,60.0,,0.18,0.7,False,True,False,False,False,True,2025-Q1,True,0.38095238095238093,0.034311329414763496,0.0026164717446986174,0.10273327049952875,False,53.333333333333336,20.49964881623967,0.022974982053188056,7.000899838578188,24.8,Medium,36.4,False,Medium
SUP057,İhsanoglu Arsoy Oto Yedek Parca Tic.,Otomotiv Yan Sanayi,Şanlıurfa,Small,,14.0,7582029704,50132418.68,9419171.62,30,10.0,136.72,123.65,126.92,126.77,11328,2454.0,2017-01-09,2024-12-05,45.0,True,0.23,0.31,False,True,False,True,False,False,2025-Q1,True,0.3333333333333333,0.04414968189283679,0.0028726273091199952,0.2166313559322034,False,46.666666666666664,27.409408674785745,0.02769454828006961,14.837461340141578,25.4,Medium,29.2,False,Low
SUP011,Safak Otomotiv Ltd. Şti.,Otomotiv Yan Sanayi,Konya,Small,1994.0,27.0,5935348749,,7391166.53,25,5.0,121.71,126.72,114.46,111.22,6554,938.0,2019-05-30,2026-03-06,30.0,True,0.17,0.24,False,True,False,True,False,False,2025-Q1,True,0.2,0.05909607354202034,0.0022541331315430128,0.14311870613365885,False,28.000000000000004,37.90669236916523,0.017051259093333646,9.779550146105647,20.7,Low,20.8,False,Low
SUP082,Gülen Gül Çelik Tic.,Metal ve Çelik,İzmir,Small,1985.0,20.0,2765918039,99120972.85,7898811.12,35,12.0,241.93,238.16,248.72,257.9,8020,691.0,2018-05-14,2024-10-27,45.0,False,0.1,0.31,False,True,False,True,False,True,2025-Q1,True,0.34285714285714286,0.03512342021195691,0.0024089528727466477,0.08615960099750623,False,48.0,21.07000370080472,0.01947450219433635,5.860577067867897,23.0,Medium,15.8,False,Low
SUP070,Bilgin Tekstil San. Tic. Ltd. Şti.,Tekstil,Manisa,Medium,1981.0,135.0,5788728743,258209836.78,35826324.02,62,9.0,1010.25,1053.89,1145.35,,64773,10076.0,2020-08-09,2025-12-11,45.0,False,0.07,0.52,False,True,False,True,False,False,2025-Q1,True,0.14516129032258066,0.06444584989039157,0.010926191911262114,0.15555864326185292,True,20.322580645161292,41.663995225162715,0.4007104051477765,10.635458583989786,19.2,Low,19.3,False,Low
SUP069,Şama Yıldırım Gıda San. Tic. Ltd. Şti.,Gıda ve İçecek,Manisa,Medium,2001.0,217.0,8734540195,315353859.35,5394808.99,53,8.0,857.98,878.56,844.22,817.45,90698,3841.0,2020-07-07,2024-10-29,45.0,False,0.14,0.88,False,True,False,True,False,False,2025-Q1,True,0.1509433962264151,0.030174741768639872,0.0016452907174187427,0.04234933515623277,False,21.132075471698112,17.594403519098194,0.00908228224434422,2.846287219528705,12.2,Low,37.9,False,High
SUP024,Arsoy Yapı Ltd. Şti.,İnşaat Malzemeleri,Kocaeli,Small,2002.0,47.0,9941340523,73256944.8,6563940.49,57,24.0,140.05,130.96,144.22,151.85,9517,1483.0,2022-11-24,2025-01-14,60.0,True,0.12,0.41,False,False,False,False,,False,2025-Q1,False,0.42105263157894735,0.06141473854007344,0.00200184851361828,0.15582641588735946,False,58.94736842105262,39.5351579445418,0.013447234544457879,10.653882218067967,32.1,High,21.0,True,Low
SUP038,Zengin Makine İmalat Ltd. Şti.,Makine İmalat,Bursa,Small,2008.0,16.0,6850643170,76804211.33,4915088.46,54,15.0,176.98,177.28,177.59,187.59,9350,1070.0,2021-02-28,2026-04-13,30.0,False,0.19,0.71,False,False,False,True,False,True,2025-Q1,True,0.2777777777777778,0.02868535251842929,0.001498987162199784,0.1144385026737968,False,38.88888888888889,16.548362316794112,0.007538190779182485,7.806258168134581,18.9,Low,37.7,False,Medium
SUP068,Demir Yüksel Kimyasal Ürünler San. ve Tic. A.Ş.,Kimya,Balıkesir,Large,1959.0,1439.0,1415747331,5934917818.18,170795396.59,247,34.0,1133.64,1075.57,1098.75,1135.46,819142,69752.0,2025-07-01,2025-08-26,60.0,False,0.12,0.05,False,True,False,True,True,False,2025-Q1,True,0.13765182186234817,0.026070422039784637,0.052088606122712745,0.08515251323946275,False,19.27125506072874,14.711820914715176,9.107150367275944,5.791286130066802,13.6,Low,9.6,False,Low
SUP039,Zengin Gülen Mobilya San. Tic. Ltd. Şti.,Mobilya,Manisa,Medium,1975.0,,3284210201,319212007.45,8819618.34,42,10.0,1005.78,1048.83,1051.79,1128.98,16629,54.0,2023-12-25,2026-08-08,60.0,False,0.05,0.38,False,False,False,True,False,,2025-Q1,True,0.23809523809523808,0.048417758905573746,0.0026897775644839092,0.0032473389861086056,False,33.33333333333333,30.407002761958413,0.024280621696722095,0.15594175272801294,19.3,Low,12.8,False,Low
SUP003,Korutürk Makine İmalat San. Tic. Ltd. Şti.,Makine İmalat,Kocaeli,Medium,1995.0,152.0,5139537675,671480459.38,56927833.19,127,42.0,136.72,144.01,,158.61,94939,3542.0,2018-06-08,2026-02-17,45.0,True,0.14,0.09,False,True,False,True,False,True,2025-Q1,True,0.33070866141732286,0.07611351441298271,0.017361659269843694,0.03730816629625339,True,46.2992125984252,49.85853390842922,1.011761142846806,2.4994382829471817,29.3,Medium,13.0,False,Low
SUP075,Soylu San. ve Tic. A.Ş.,İnşaat Malzemeleri,İzmir,Large,1962.0,712.0,1690331198,2558831511.76,8498981.51,370,156.0,3780.0,3980.63,3761.1,3510.52,213533,27203.0,2021-06-06,2026-02-11,30.0,True,0.1,0.46,False,True,False,True,False,False,2025-Q1,True,0.42162162162162165,0.05125436773288653,0.0025919908215168387,0.12739482890232423,True,59.027027027027025,32.3992352879882,0.022546991128004314,8.697695868237016,30.1,Medium,20.5,False,Low
SUP030,Hayrioğlu Karadeniz Lojistik Ltd. Şti.,Lojistik,Denizli,Small,2014.0,17.0,3748467739,72842502.62,4131170.63,18,7.0,193.08,214.89,232.23,254.43,5219,123.0,2020-06-05,2026-02-23,90.0,False,0.14,0.31,False,True,False,,False,False,2025-Q1,True,0.3888888888888889,0.11637198279461383,0.0012599105366308695,0.023567733282237976,False,54.44444444444444,78.13322211561757,0.005324229930383564,1.5540514666245115,38.8,High,19.9,False,Low
SUP084,Akar Oto Yedek Parça Tic.,Otomotiv Yan Sanayi,Adana,Small,2009.0,15.0,5311496261,95937255.72,11251010.09,31,4.0,342.94,,359.83,325.25,10415,955.0,2020-12-03,2025-02-05,60.0,False,0.18,0.39,False,False,False,True,False,False,2025-Q1,False,0.12903225806451613,0.05046071744289517,0.0034312952501144274,0.09169467114738358,True,18.064516129032256,31.841831705657945,0.03951575581468088,6.241408031621201,15.2,Low,26.6,False,Low
SUP045,Eraslan Mobilya Tic.,Mobilya,Kahramanmaraş,Small,1987.0,37.0,1715969661,,18903345.03,13,3.0,84.79,90.5,97.62,96.31,625,909.0,2024-08-27,2025-10-25,60.0,True,0.08,0.24,False,True,True,True,False,False,2025-Q1,True,0.23076923076923078,0.06379369967974971,0.00576507864572657,1.4544,True,32.30769230769231,41.205971246322925,0.11155586923931454,100.0,36.6,High,11.5,False,Low
SUP066,Hançer Gülen Demir Çelik Ltd. Şti.,Metal ve Çelik,Adana,Micro,,3.0,9962309131,6045170.35,1747214.09,26,11.0,182.99,,192.08,208.34,997,25.0,2020-02-11,,30.0,False,0.23,0.41,False,True,True,True,False,False,2025-Q1,True,0.4230769230769231,0.06604044423233867,0.0005328594819480783,0.025075225677031094,True,59.23076923076923,42.78392501007408,0.0009491427468120114,1.6577718831710948,31.7,High,32.4,True,Medium
SUP071,Demirel Makine İmalat Tic.,Makine İmalat,Eskişehir,Small,,21.0,3753046371,26757916.22,5139016.67,39,19.0,102.96,94.2,,76.54,11121,1464.0,2016-10-24,2024-11-04,60.0,False,0.23,0.26,False,True,False,,False,False,2025-Q1,True,0.48717948717948717,0.14750664923605505,0.001567280035212364,0.13164283787429187,True,68.2051282051282,100.0,0.00824107307223604,8.989972805479258,50.2,High,27.6,False,Low
SUP013,Çorlu İnşaat Malzemeleri San. Tic. Ltd. Şti.,İnşaat Malzemeleri,Şanlıurfa,Medium,1981.0,147.0,1733754537,936892914.12,122774942.18,119,18.0,253.32,249.48,230.8,253.41,108235,7620.0,2022-06-02,2024-11-28,30.0,False,0.155,0.41,False,True,False,,False,False,2025-Q1,False,0.15126050420168066,0.043734510257817945,0.03744348930143991,0.07040236522381854,False,21.17647058823529,27.117821612373245,4.705973602211564,4.776427612975356,16.1,Low,24.6,True,Low
SUP036,Eraslan Yaman Oto Yedek Parça San. ve Tic. A.Ş.,Otomotiv Yan Sanayi,Denizli,Medium,1982.0,169.0,2236851603,258076063.4,7355779.88,77,4.0,,816.69,945.68,973.67,52823,7343.0,2024-07-01,2024-12-29,60.0,False,0.12,0.29,False,True,,True,False,True,2025-Q1,True,0.05194805194805195,0.09180819918173135,0.0022433410299369195,0.13901141548189236,True,7.2727272727272725,60.88136553083026,0.01688834002241229,9.496955090402185,19.2,Low,17.2,False,Low
SUP029,Şener Sezer Çelik Ltd. Şti.,Metal ve Çelik,Tekirdağ,Small,2017.0,10.0,9760785974,39682329.72,7246319.13,52,8.0,325.62,344.46,364.58,394.89,2213,331.0,2021-04-14,2026-08-29,90.0,False,0.26,0.41,False,True,False,True,False,False,2025-Q1,False,0.15384615384615385,0.08291748826047084,0.0022099580582264247,0.14957071848169906,False,21.53846153846154,54.637161780804234,0.016389335960848867,10.223469737749271,22.7,Medium,35.5,True,Medium
SUP052,Sakarya Gıda San. ve Tic. A.Ş.,Gıda ve İçecek,İstanbul,Medium,2003.0,139.0,1606853619,886705250.55,77707039.19,72,17.0,783.13,770.96,761.88,758.6,16839,729.0,2025-04-30,2026-08-19,60.0,True,0.155,0.26,False,True,False,True,False,True,2025-Q1,True,0.2361111111111111,0.014288093096740673,0.023698831690684465,0.0432923570283271,False,33.05555555555556,6.436750088347057,1.8851685761475137,2.91117021444397,14.1,Low,19.9,True,Low
SUP042,Demir Manço Oto Yedek Parça Ltd. Şti.,Otomotiv Yan Sanayi,Manisa,Small,2004.0,32.0,2983273157,77013007.23,8624094.38,15,3.0,184.02,183.84,196.95,226.81,2027,197.0,2017-06-29,2026-07-10,60.0,True,0.11,0.21,False,False,,True,False,False,2025-Q1,True,0.2,0.10219036046171971,0.002630147324188608,0.09718796250616675,False,28.000000000000004,68.17305805936059,0.023215818656767424,6.619364477645546,27.8,Medium,13.6,False,Low
SUP027,Şener Aksu Makine Ltd. Şti.,Makine İmalat,Aydın,Small,1994.0,14.0,1249947179,16406178.41,1334695.73,28,4.0,348.51,372.93,378.62,,12017,2080.0,2017-11-27,,60.0,False,0.15,0.78,False,True,False,True,False,False,2025-Q1,True,0.14285714285714285,0.043624389319361585,0.00040705101871409024,0.17308812515602895,True,20.0,27.040480488254442,0.0005522313390434684,11.841544379307676,15.5,Low,35.8,False,Medium
SUP005,Bilir Kimya Ltd. Şti.,Kimya,Manisa,Small,2018.0,10.0,6701543031,95843433.48,21343148.67,37,9.0,188.85,196.48,,189.18,3091,358.0,2017-03-14,2024-11-21,30.0,True,0.26,0.07,False,,True,,False,False,2025-Q1,True,0.24324324324324326,0.02252220334478607,0.006509161761302541,0.11582012293756067,True,34.054054054054056,12.219804170785178,0.14221171465130206,7.9013181696057355,16.2,Low,24.7,False,Low
SUP001,Korutürk Aslan İplik San. Tic. Ltd. Şti.,Tekstil,Trabzon,Medium,2009.0,,4794026545,225584135.67,5492821.36,134,10.0,322.41,313.4,317.95,281.45,46048,6596.0,2018-08-02,2024-09-29,45.0,True,0.05,0.41,False,True,False,False,True,True,2025-Q1,True,0.07462686567164178,0.06024013211292618,0.0016751822006672,0.14324183460736623,True,10.44776119402985,38.71019783480991,0.009415435936387424,9.788021788566853,14.8,Low,13.8,True,Low
SUP037,Durmuş Duran Plastik Ltd. Şti.,Plastik ve Kauçuk,Bursa,Small,2004.0,36.0,2200471139,44292294.93,7550987.6,57,20.0,115.58,103.36,110.45,101.71,11515,872.0,2020-11-20,,,False,0.14,0.44,False,True,False,True,False,,2025-Q1,True,0.3508771929824561,0.05973713783211129,0.0023028748244196926,0.07572731220147634,False,49.122807017543856,38.35693038496005,0.017796810541240105,5.142801413943641,27.6,Medium,24.0,False,Low
SUP062,Ülker Kauçuk Ltd. Şti.,Plastik ve Kauçuk,Adana,Micro,2010.0,6.0,6625871534,3369894.07,416058.49,22,8.0,136.46,141.37,137.07,135.12,2472,223.0,2018-10-31,2024-12-18,90.0,False,0.155,0.46,False,True,False,True,False,False,2025-Q1,False,0.36363636363636365,0.019652566513612992,0.00012688812018537448,0.09021035598705501,False,50.90909090909091,10.204375121171758,5.012049489574195e-05,6.139282284753459,21.3,Low,26.2,True,Low
SUP048,Şensoy Şama Kimya Tic.,Kimya,Ankara,Small,1994.0,13.0,8151820371,86976403.43,14377360.0,14,2.0,326.21,353.59,,374.55,11062,772.0,2021-03-25,2026-04-29,90.0,False,0.12,0.55,False,True,False,True,,False,2025-Q1,True,0.14285714285714285,0.0689741039303302,0.0043847589400913215,0.06978846501536792,True,20.0,44.84431917312058,0.06453008972710048,4.7341892669920105,18.9,Low,25.4,False,Low
SUP033,Akça Plastik San. Tic. Ltd. Şti.,Plastik ve Kauçuk,Konya,Medium,1981.0,163.0,3400504557,384995038.54,42588320.38,149,10.0,,527.27,523.15,538.86,79942,1087.0,2020-04-13,2026-08-20,90.0,True,0.07,0.37,False,True,True,False,False,False,2025-Q1,True,0.06711409395973154,0.015376054164364732,0.012988442838579436,0.013597358084611343,True,9.395973154362416,7.200856652884566,0.5662502264772906,0.8680569818792157,5.4,Low,14.6,False,Low
SUP012,Manço Bilir Kimya Ltd. Şti.,Kimya,Adana,Small,1994.0,37.0,3045053310,21773769.46,5346669.93,12,6.0,145.74,138.99,152.84,149.78,558,116.0,2022-06-25,2025-04-13,60.0,,0.11,0.29,False,True,,True,False,False,2025-Q1,True,0.5,0.040762263281104626,0.0016306094286631856,0.2078853046594982,False,70.0,25.03032648601438,0.008920849340727162,14.235704353322914,32.9,High,16.2,False,Low
SUP028,Ertaş Kısakürek Taşımacılık Holding A.Ş.,Lojistik,İzmir,Large,1986.0,414.0,3787429673,5186256634.29,371889435.19,376,89.0,2247.18,2278.95,2384.36,2172.83,597781,130421.0,2020-11-09,2025-01-14,30.0,True,0.13,0.67,False,True,False,True,False,False,2025-Q1,True,0.23670212765957446,0.038657419870045874,0.11341759027212678,0.21817521801462408,False,33.138297872340424,23.55203400333773,43.17755186009559,14.943684110373944,30.5,Medium,30.2,False,Medium
SUP063,Aksu Eraslan Gıda Tic.,Gıda ve İçecek,Bursa,Small,2016.0,,8016873396,44573485.02,7371698.35,16,7.0,130.72,134.88,134.31,138.23,1329,88.0,2024-10-11,2025-11-11,60.0,True,0.27,0.18,False,True,True,True,False,,2025-Q1,True,0.4375,0.022860544188764903,0.0022481957914261687,0.06621519939804364,False,61.24999999999999,12.457430743673465,0.01696153142754989,4.488336883563356,25.2,Medium,29.2,False,Low
SUP009,Bilge Ambalaj San. ve Tic. A.Ş.,Ambalaj,Adana,Medium,,178.0,9208121918,757454785.67,90645079.27,76,10.0,779.26,777.65,732.71,775.67,65444,10285.0,2021-06-04,2026-05-31,45.0,False,0.13,0.29,False,True,False,,True,False,2025-Q1,True,0.13157894736842105,0.029304086068750602,0.02764463167816755,0.15715726422590306,True,18.421052631578945,16.98291680736296,2.565181943661682,10.745448944713388,12.9,Low,18.2,False,Low
SUP065,Duran Demir Celik Ltd. Şti.,Metal ve Çelik,Tekirdağ,Small,2005.0,20.0,7949588809,55821026.46,7815900.41,58,16.0,80.77,81.3,75.84,71.32,2863,342.0,2020-04-18,2026-09-01,60.0,False,0.13,0.47,True,False,False,True,False,False,2025-Q1,False,0.27586206896551724,0.06064124256673817,0.0023836670430183934,0.11945511701012923,False,38.62068965517241,38.99190932245688,0.0190677335954084,8.15141767302838,24.5,Medium,63.9,False,High
SUP015,Eraslan Sezgin Nakliyat San. ve Tic. A.Ş.,Lojistik,Sakarya,Large,1976.0,2973.0,7299468043,7642121401.8,565958806.99,200,60.0,2186.51,,2166.48,2168.06,461913,16802.0,2022-07-18,2025-12-22,60.0,True,0.11,0.41,False,True,False,True,False,False,2025-Q1,True,0.3,0.005123228111729056,0.17260421514609228,0.03637481517082221,True,42.0,0.0,100.0,2.4352206670916603,40.1,High,20.0,True,Low
SUP041,İnönü Gıda Ltd. Şti.,Gıda ve İçecek,İstanbul,Small,2011.0,31.0,8661565458,66976905.19,10089294.87,14,10.0,120.25,115.16,110.3,125.9,2567,143.0,2025-02-01,2024-11-19,45.0,False,0.25,0.41,False,True,False,,False,True,2025-Q1,True,0.7142857142857143,0.056851943553260356,0.003076999246068124,0.05570705103233346,True,100.0,36.33057488930748,0.03177593916483076,3.7653418426667598,44.7,High,34.4,True,Medium
SUP044,Kısakürek Tevetoğlu Çelik Tic.,Metal ve Çelik,Sakarya,Small,2002.0,23.0,9156149784,94726668.16,8498981.51,29,3.0,143.68,139.83,141.46,,12322,909.0,2017-10-09,2025-07-05,60.0,,0.17,0.57,False,False,False,False,,False,2025-Q1,True,0.10344827586206896,0.013642280235111458,0.0025919908215168387,0.07377049180327869,True,14.482758620689653,5.983177013244931,0.022546991128004314,5.008165758394767,7.3,Low,31.2,False,Medium
SUP054,Akar Manço Oto Yedek Parça San. Tic. Ltd. Şti.,Otomotiv Yan Sanayi,,Medium,2008.0,142.0,2888880672,637065138.54,7836505.98,54,17.0,1134.67,1155.27,1102.99,1098.75,119666,24372.0,2025-04-30,2025-12-27,30.0,False,0.13,0.94,False,True,False,True,False,True,2025-Q1,True,0.3148148148148148,0.02392862019352804,0.0023899512605154286,0.20366687279594872,False,44.074074074074076,13.207571452703426,0.019168425862690703,13.94546241805877,20.8,Low,38.8,False,High
SUP002,Yaman Korutürk Oto Yedek Parça San. Tic. Ltd. Şti.,Otomotiv Yan Sanayi,Kocaeli,Medium,1989.0,247.0,5141647525,862744929.71,81548069.45,51,19.0,156.06,156.01,153.86,157.45,59797,909.0,2020-11-09,2025-03-02,60.0,True,0.05,0.41,False,True,False,True,False,,2025-Q1,False,0.37254901960784315,0.009509973814262251,0.02487025619224082,0.01520143150994197,True,52.156862745098046,3.080938544595573,2.076141357564994,0.9784224898056619,19.7,Low,13.8,True,Low
SUP050,Yılmaz Makine San. Tic. Ltd. Şti.,Makine İmalat,Şanlıurfa,Medium,1981.0,179.0,9805929621,703410436.07,57108759.48,127,25.0,167.36,150.97,145.78,152.78,78995,922.0,2019-05-20,2025-08-28,45.0,True,0.09,0.58,True,True,False,True,False,True,2025-Q1,True,0.1968503937007874,0.05995978965217121,0.01741683756179542,0.011671624786378884,False,27.559055118110237,38.513305206060544,1.0182024837190402,0.7355602206748532,19.6,Low,63.3,False,High
SUP081,Gül Yorulmaz Konfeksiyon Ltd. Şti.,Tekstil,Samsun,Small,2012.0,21.0,2182339848,65486742.5,8926164.79,49,2.0,241.61,243.44,258.46,238.04,10948,828.0,2024-08-20,,60.0,False,0.18,0.41,False,False,False,False,False,,2025-Q1,True,0.04081632653061224,0.036672026373990765,0.002722271742773421,0.07563025210084033,False,5.7142857142857135,22.157634655170988,0.02487091047347429,5.136123360971173,8.3,Low,27.2,False,Low
SUP035,Çamurcuoğlu Şensoy Yapı Tic.,İnşaat Malzemeleri,Ankara,Micro,2007.0,,4394210472,5933265.58,1319816.83,20,1.0,56.22,50.72,52.4,58.71,973,164.0,2023-06-04,2026-07-29,30.0,False,0.24,0.99,False,False,False,True,False,False,2025-Q1,True,0.05,0.0664634139229593,0.0004025133017901401,0.1685508735868448,False,7.000000000000001,43.08098887276305,0.0005399006887321567,11.529366603580321,14.9,Low,51.7,False,High
SUP053,Şener Otomotiv Ltd. Şti.,Otomotiv Yan Sanayi,Çorum,Small,1994.0,45.0,9614341038,23144437.61,889364.41,55,13.0,146.18,137.94,143.28,145.65,11148,758.0,2021-10-08,2026-06-25,90.0,False,0.13,0.46,False,True,False,True,,False,2025-Q1,True,0.23636363636363636,0.026285249159612358,0.000271235369201755,0.06799425905992106,False,33.090909090909086,14.86270022224364,0.0002430166342050403,4.610742017963037,16.0,Low,23.6,False,Low
SUP014,Ergül Kimyasal Ürünler Ltd. Şti.,Kimya,,Small,,30.0,7981693409,67733356.47,7987743.56,14,8.0,,119.78,119.0,115.53,13170,859.0,2023-02-26,2024-11-24,90.0,True,0.2,0.48,False,True,False,False,False,False,2025-Q1,True,0.5714285714285714,0.019156442263446424,0.002436075189455288,0.06522399392558846,True,80.0,9.855932692798469,0.019915585176382283,4.4201386990541645,31.1,High,31.5,False,Medium
SUP055,Aksu Duran Kimya Grup A.Ş.,Kimya,Sakarya,Large,1961.0,802.0,2704303056,3413617452.14,204716606.93,108,3.0,3967.46,3756.74,,3724.1,454440,57766.0,2023-01-20,2026-04-25,60.0,True,0.03,0.41,False,,False,True,True,True,2025-Q1,True,0.027777777777777776,0.0346148265280767,0.062433782865663694,0.12711469060822111,True,3.8888888888888884,20.7128036280265,13.083875153108297,8.678421435639288,11.1,Low,11.7,False,Low
SUP051,İnönü Akçay Mobilya San. ve Tic. A.Ş.,Mobilya,Şanlıurfa,Medium,2005.0,99.0,6977468862,139323185.16,8498981.51,143,31.0,820.28,874.8,837.64,759.44,31697,5518.0,2021-03-04,2025-10-03,45.0,False,0.155,0.33,False,True,False,True,False,True,2025-Q1,True,0.21678321678321677,0.05845873351280477,0.0025919908215168387,0.17408587563491812,False,30.349650349650346,37.4590700096357,0.022546991128004314,11.910192881706347,21.8,Low,22.1,True,Low
SUP059,Durdu Akca Ambalaj Tic.,Ambalaj,Manisa,Small,1996.0,33.0,9313037056,16664683.53,1132938.51,22,3.0,71.57,78.78,76.16,78.76,2509,526.0,2020-10-15,2026-07-23,60.0,False,0.32,0.39,False,True,False,True,False,False,2025-Q1,False,0.13636363636363635,0.044494986253471834,0.00034551977972981416,0.20964527700278995,False,19.09090909090909,27.651925927081244,0.00039679940713098277,14.356796217658149,15.7,Low,41.1,False,High
SUP049,Şafak Çelik San. Tic. Ltd. Şti.,Metal ve Çelik,Adana,Medium,1984.0,139.0,5629148653,797018309.72,83723331.02,87,17.0,481.14,451.36,437.03,453.25,47079,10258.0,2018-08-04,2025-04-25,45.0,False,0.13,0.48,False,True,False,True,False,False,2025-Q1,True,0.19540229885057472,0.04047557225069974,0.02553366015625748,0.2178890800569256,False,27.35632183908046,24.828975072948843,2.1883792664361916,14.923996881261022,18.6,Low,24.2,False,Low
SUP022,Aslan Oto Yedek Parça San. ve Tic. A.Ş.,Otomotiv Yan Sanayi,Aydın,Medium,2012.0,118.0,6314737996,864618064.3,108186483.97,104,22.0,452.15,426.65,413.5,387.22,94874,360.0,2018-05-30,2025-07-02,90.0,True,0.155,0.4,False,True,False,,False,False,2025-Q1,True,0.21153846153846154,0.06441521898572879,0.03299435033862294,0.003794506397959399,False,29.615384615384617,41.64248225376414,3.654062060269959,0.19358866363376825,21.7,Low,24.3,True,Low
SUP021,Akdeniz Bilgin Otomotiv Tic.,Otomotiv Yan Sanayi,Manisa,Small,2010.0,22.0,2931491901,,3675063.21,46,5.0,207.07,220.22,196.98,183.0,4071,574.0,2021-08-13,,60.0,False,0.29,0.41,False,True,False,True,False,False,2025-Q1,True,0.10869565217391304,0.07801736155748744,0.0011208084283518122,0.1409972979611889,False,15.217391304347824,51.195660892365325,0.00421265417382895,9.633590312361937,19.6,Low,38.6,True,High
SUP072,Erdoğan Akçay Makine İmalat Ltd. Şti.,Makine İmalat,Ankara,Small,2008.0,49.0,4327279560,42359688.15,3472925.41,46,3.0,119.37,126.15,131.32,109.46,687,135.0,2017-09-10,2025-03-06,90.0,False,0.25,0.11,False,True,True,True,False,False,2025-Q1,True,0.06521739130434782,0.07767514446948894,0.0010591611213580114,0.1965065502183406,False,9.130434782608695,50.95531192104815,0.0037615656698333833,13.452808761614063,18.0,Low,25.0,False,Low
SUP032,Aslan Erdoğan İplik San. ve Tic. A.Ş.,Tekstil,İstanbul,Medium,1981.0,184.0,8026217457,922087151.04,55138700.07,84,5.0,570.61,529.78,545.35,534.63,111256,11983.0,2022-01-22,2025-07-18,90.0,False,0.36,0.415,False,True,False,True,False,,2025-Q2,True,0.05952380952380952,0.033412771139843256,0.015099717219066508,0.10770655065794205,False,7.738095238095237,8.048988959042578,0.8721162064557709,40.303961765480445,11.0,Low,41.3,True,High
SUP029,Şener Sezer Çelik Ltd. Şti.,Metal ve Çelik,Tekirdağ,Small,,10.0,9760385974,39682329.72,7031478.53,51,10.0,330.0,,385.39,411.67,2160,249.0,2021-04-14,2026-08-29,,False,0.3,0.51,False,True,False,True,False,False,2025-Q2,True,0.19607843137254902,0.11097195857535858,0.00192556838119411,0.11527777777777778,True,25.49019607843137,70.77849200168545,0.014178676215334191,43.15856215947351,33.1,Medium,38.9,False,High
SUP042,Demir Manço Oto Yedek Parça Ltd. Şti.,Otomotiv Yan Sanayi,Manisa,Small,2004.0,32.0,2983273157,77013007.23,7884853.98,15,3.0,196.79,181.64,198.35,232.17,2193,229.0,2017-06-29,2026-07-10,60.0,True,0.09,0.19,False,False,,True,False,False,2025-Q2,True,0.2,0.10547363820081775,0.00215926500371758,0.10442316461468308,False,26.0,66.33147655363233,0.017830127218517476,39.06601777775316,31.5,Medium,9.6,False,Low
SUP040,Yaman Zorlu Metal Ltd. Şti.,Metal ve Çelik,Eskişehir,Small,2018.0,29.0,8007661779,21408268.93,9176104.045000002,11,4.0,105.25,123.73,119.17,122.26,3170,673.0,2022-11-07,2025-02-27,30.0,False,0.16,1.0,False,False,False,True,False,False,2025-Q2,True,0.36363636363636365,0.07186435147410537,0.002512873464124675,0.21230283911671924,True,47.27272727272727,39.148444811103445,0.024149544704023158,79.74018544742385,38.3,High,41.8,False,High
SUP071,Demirel Makine İmalat Tic.,Makine İmalat,Eskişehir,Small,1991.0,21.0,3753046371,26757916.22,4958912.82,42,22.0,104.21,95.31,87.07,75.53,10265,1113.0,2016-10-24,2024-11-04,60.0,False,0.28,0.28,False,True,False,False,False,False,2025-Q2,True,0.5238095238095238,0.13482870009500017,0.0013579968552204509,0.1084266926449099,False,68.0952380952381,90.07371142347411,0.0070500647732395965,40.57547886134772,52.4,High,29.7,False,Medium
SUP025,Ülker Kimya Ltd. Şti.,Kimya,Kocaeli,Small,1992.0,14.0,7719022941,,3951609.49,11,3.0,229.79,213.63,219.13,209.79,1441,134.0,2022-09-26,2025-02-19,30.0,,0.14,0.45,False,True,False,True,False,False,2025-Q2,True,0.2727272727272727,0.03986485544240433,0.0010821471268533593,0.09299097848716169,False,35.45454545454545,13.267404149704564,0.004475364327366302,34.75570948726131,20.9,Low,22.4,False,Low
SUP034,Şensoy Soylu Mobilya Tic.,Mobilya,,Small,,28.0,9212594648,25756241.96,4615780.06,51,12.0,95.76,93.74,,82.08,14353,2022.0,2022-01-17,,90.0,False,0.17,0.11,False,True,False,True,False,False,2025-Q2,False,0.23529411764705882,0.08157182102105395,0.0012640300471887028,0.14087647181773846,True,30.588235294117645,46.99980015166791,0.006107632147222942,52.81010753455998,30.4,Medium,14.3,False,Low
SUP081,Gül Yorulmaz Konfeksiyon Ltd. Şti.,Tekstil,Samsun,Small,2012.0,21.0,2182339848,65486742.5,9395889.63,47,2.0,,245.56,,,11717,739.0,2024-08-20,,60.0,False,0.16,0.5,False,False,False,False,False,False,2025-Q2,True,0.0425531914893617,0.058168363186340805,0.0025730616836168634,0.06307075189895024,True,5.531914893617021,28.071194424956197,0.02532044794696752,23.474804918528285,12.5,Low,25.9,False,Low
SUP035,Çamurcuoğlu Şensoy Yapı Tic.,İnşaat Malzemeleri,Ankara,Micro,2007.0,6.0,4394210472,5933265.58,1420553.48,20,1.0,55.64,52.59,50.46,62.01,1037,130.0,2023-06-04,2026-07-29,30.0,False,0.2,0.97,False,,False,,False,False,2025-Q2,True,0.05,0.09113096064354677,0.0003890181635644217,0.1253616200578592,False,6.5,54.731186952654795,0.0005749188505019547,46.96050069467742,23.0,Low,44.5,False,High
SUP060,Gul İcecek San. ve Tic. A.Ş.,Gıda ve İçecek,Çorum,Large,1999.0,2508.0,3268018242,7997165307.54,503950290.11,132,12.0,1558.19,1659.9,1557.62,1574.84,139701,18626.0,2018-01-12,2024-11-15,45.0,True,0.16,0.52,False,True,False,False,False,True,2025-Q2,True,0.09090909090909091,0.030757990151106456,0.13800664258437476,0.1333276068174172,False,11.818181818181818,5.901814683280917,72.85152582567419,49.963938391428385,31.3,Medium,26.5,False,Medium
SUP006,Tevetoglu Otomotiv Tic.,Otomotiv Yan Sanayi,Eskişehir,Small,2008.0,,9713315090,21555231.8,2855362.48,55,25.0,312.62,334.83,328.48,338.03,9462,1434.0,2020-08-25,2025-10-07,45.0,False,0.16,0.51,False,True,False,True,True,False,2025-Q2,True,0.45454545454545453,0.034399569100896414,0.0007819401971971888,0.15155358275206088,False,59.09090909090908,8.847106470934051,0.002334812927649874,56.83572776723975,31.4,Medium,26.2,False,Low
SUP024,Arsoy Yapi Ltd. Şti.,İnşaat Malzemeleri,Kocaeli,Small,2002.0,47.0,9941343523,73256944.8,6668943.56,59,29.0,142.64,126.79,145.33,139.71,9111,1431.0,2022-11-24,2025-01-14,60.0,True,0.14,0.63,False,False,False,,False,False,2025-Q2,True,0.4915254237288136,0.05924371743966314,0.001826288283511844,0.15706289101086598,False,63.898305084745765,28.94093584613583,0.01275389845075235,58.91291727394623,38.4,High,28.2,False,Medium
SUP055,Aksu Duran Kimya Grup A.Ş.,Kimya,Sakarya,Large,1961.0,802.0,2704303056,3413617452.14,221233294.43,105,3.0,4044.2,3863.59,4251.87,,485191,868.0,2023-01-20,2026-04-25,60.0,True,0.03,0.37,False,True,False,True,True,True,2025-Q2,True,0.02857142857142857,0.047936478120230636,0.06058467430488122,0.0017889861930662357,True,3.7142857142857135,19.795694299066238,14.039903656739886,0.36957379023492315,9.8,Low,9.9,False,Low
SUP020,Ülker Bilgin Kauçuk Tic.,Plastik ve Kauçuk,Kocaeli,Small,1986.0,44.0,1531003305,22212953.85,9176104.045000002,12,6.0,244.83,,228.75,230.63,1988,216.0,2017-11-16,2024-10-15,45.0,False,0.24,0.55,True,True,False,True,False,False,2025-Q2,True,0.5,0.037452524352389,0.002512873464124675,0.10865191146881288,True,64.99999999999999,11.31632220242664,0.024149544704023158,40.660393728287026,31.7,Medium,74.7,False,High
SUP026,İhsanoğlu Tarhan Yapi Ltd. Şti.,İnşaat Malzemeleri,Kocaeli,Micro,2021.0,2.0,3328120679,2644027.8,538525.61,25,4.0,137.04,133.06,125.27,131.83,5252,949.0,2021-03-26,2026-03-09,,False,0.2,0.47,False,True,False,True,False,False,2025-Q2,True,0.16,0.03708891814322391,0.0001474750840317606,0.1806930693069307,False,20.8,11.022239224531734,7.92432357088596e-05,67.82226779354025,20.2,Low,28.5,False,Medium
SUP074,Yüksel Ambalaj Tic.,Ambalaj,Sakarya,Micro,2005.0,3.0,7567661829,4261512.74,1340253.51,26,9.0,146.11,143.79,156.09,142.33,2599,254.0,2017-11-24,2025-10-14,60.0,False,0.12,0.46,False,True,,False,False,False,2025-Q2,True,0.34615384615384615,0.04218820343659854,0.00036702803978275444,0.09772989611388996,False,44.99999999999999,15.146516991005255,0.0005113250609240451,36.54243651449818,25.0,Low,20.9,False,Low
SUP030,Hayrioğlu Karadeniz Lojistik Ltd. Şti.,Lojistik,Denizli,Small,2014.0,17.0,3748467739,72842502.62,3823504.01,17,7.0,178.53,209.26,238.89,250.53,4869,121.0,2020-06-05,,,False,0.15,0.22,False,True,False,True,False,False,2025-Q2,True,0.4117647058823529,0.14710163131402215,0.00104706547785262,0.02485109878825221,False,53.529411764705884,100.0,0.004189646247908415,9.064744950541993,45.1,High,16.0,False,Low
SUP053,Şener Otomotiv Ltd. Şti.,Otomotiv Yan Sanayi,Çorum,Small,1994.0,45.0,9614341038,23144437.61,904941.04,52,10.0,153.31,146.79,147.35,137.68,11018,699.0,2021-10-08,,90.0,False,0.14,0.44,False,True,False,True,False,False,2025-Q2,True,0.19230769230769232,0.04408894563781336,0.0002478178445734249,0.06344164095117082,False,25.0,16.683828270774885,0.00023096356785911232,23.614642228628625,16.5,Low,22.1,False,Low
SUP061,Erdoğan Elektronik Grup A.Ş.,Elektronik,Eskişehir,Large,1989.0,2728.0,6900109439,6921535943.09,9176104.045000002,281,49.0,4712.89,4269.82,4457.8,5230.22,602704,71422.0,2024-12-16,2026-06-05,90.0,,0.06,0.415,False,,,,False,False,2025-Q2,True,0.17437722419928825,0.089266630538854,0.002512873464124675,0.11850261488226393,True,22.669039145907472,53.22332560390035,0.024149544704023158,44.374431281258545,27.9,Low,14.1,True,Low
SUP017,Kısakürek Mobilya San. ve Tic. A.Ş.,Mobilya,Bursa,Medium,,166.0,3788957982,544939452.11,24567850.21,61,23.0,884.48,744.55,732.65,745.25,105264,868.0,2018-10-25,2026-08-27,90.0,False,0.26,0.21,False,False,False,True,True,False,2025-Q2,True,0.3770491803278688,0.0927783761851136,0.006727898742270508,0.008245934032527739,True,49.01639344262295,56.06360883127665,0.17313612189494482,2.804054430530312,31.6,Medium,25.7,False,Low
SUP010,Sezgin Mobilya Holding A.Ş.,Mobilya,Konya,Large,,547.0,1795118380,5335670572.32,177758430.32,223,10.0,2840.31,,2802.23,3015.57,649956,95956.0,2016-10-20,2026-04-22,60.0,True,0.12,0.415,False,True,False,True,False,True,2025-Q2,False,0.04484304932735426,0.03942552136727965,0.04867909522222325,0.14763460911200144,True,5.829596412556053,12.912072832893337,9.064075215230266,55.35814645579642,15.8,Low,19.5,True,Low
SUP063,Aksu Eraslan Gıda Tic.,Gıda ve İçecek,Bursa,Small,2016.0,29.0,8016873396,44573485.02,7357351.34,17,7.0,129.84,144.89,124.87,137.77,1303,96.0,2024-10-11,2025-11-11,60.0,True,0.34,0.13,False,True,True,True,False,False,2025-Q2,True,0.4117647058823529,0.06559976742129296,0.0020148085568626652,0.07367613200306984,False,53.529411764705884,34.081678933385646,0.015523721417950212,27.47338028081684,31.4,Medium,30.4,False,Medium
SUP059,Durdu Akça Ambalaj Tic.,Ambalaj,Manisa,Small,1996.0,33.0,9313237056,,1042081.74,22,3.0,74.35,84.4,,81.81,2336,504.0,2020-10-15,2026-07-23,60.0,False,0.31,0.37,False,False,False,True,False,False,2025-Q2,True,0.13636363636363635,0.06507257627682797,0.00028537378598292345,0.21575342465753425,True,17.727272727272727,33.655289235475685,0.00030755861208735404,81.0411691173644,26.8,Low,35.3,False,Medium
SUP068,Demir Yüksel Kimyasal Ürünler San. ve Tic. A.Ş.,Kimya,Balıkesir,Large,1959.0,1439.0,1415747331,5934917818.18,165360549.81,250,32.0,1068.68,1098.49,1016.24,1180.17,772473,66956.0,2025-07-01,2025-08-26,60.0,False,0.11,0.06,False,True,False,,True,False,2025-Q2,True,0.128,0.06283224341592515,0.04528393919607256,0.0866774631605247,False,16.64,31.84331864035592,7.843806533195717,32.37530759815641,20.6,Low,7.3,False,Low
SUP056,Hayrioğlu Soylu Nakliyat Grup A.Ş.,Lojistik,Denizli,Large,1961.0,2282.0,8584161691,5528303491.61,155768057.44,320,82.0,295.6,311.12,297.56,312.11,368461,298.0,2016-09-13,2025-12-19,45.0,True,0.21,0.37,False,True,False,True,False,True,2025-Q2,True,0.25625,0.028696807291737365,0.042657037908425774,0.0008087694491411574,False,33.31249999999999,4.234739759942692,6.960169854095577,0.0,14.5,Low,26.3,False,Medium
SUP079,Şafak Nakliyat Tic.,Lojistik,İstanbul,Small,1994.0,11.0,5899642355,42368015.62,10086862.83,46,13.0,143.33,127.28,146.86,143.63,6809,868.0,2018-05-05,2026-02-03,45.0,False,0.09,0.69,False,True,,True,False,False,2025-Q2,True,0.2826086956521739,0.06280156265900004,0.0027622844964997908,0.12747833749449258,False,36.7391304347826,31.818504189630985,0.029182114693954597,47.75857243825982,28.0,Low,25.6,False,Low
SUP064,Tevetoğlu Şafak Mobilya Tic.,Mobilya,Ankara,Small,2009.0,42.0,8849912193,58302167.44,12996073.59,49,11.0,191.32,190.8,195.5,184.65,11983,1599.0,2025-09-01,2026-07-19,60.0,False,0.25,0.97,False,True,False,True,False,False,2025-Q2,False,0.22448979591836735,0.023460946032661995,0.003558971029749532,0.1334390386380706,False,29.183673469387756,0.0,0.0484453627505569,50.00595183444177,17.7,Low,49.0,False,High
SUP027,Şener Aksu Makine Ltd. Şti.,Makine İmalat,Aydın,Small,1994.0,14.0,1249947179,16406178.41,1422937.58,29,5.0,353.83,399.78,402.33,393.25,12544,2085.0,2017-11-27,2025-12-27,60.0,False,0.14,0.97,False,True,False,True,False,False,2025-Q2,True,0.1724137931034483,0.05844848255238781,0.00038967104866646936,0.16621492346938777,False,22.413793103448278,28.297753639999012,0.0005768634922790058,62.36353301277252,24.3,Low,39.0,True,High
SUP048,Şensoy Şama Kimya Tic.,Kimya,Ankara,Small,,13.0,8151820371,86976403.43,13366905.96,15,2.0,,341.3,361.18,379.76,12166,768.0,2021-03-25,,90.0,False,0.12,0.5,False,True,False,,False,False,2025-Q2,True,0.13333333333333333,0.053316255538219386,0.003660523368044914,0.06312674667105046,True,17.333333333333332,24.146832765944172,0.05124973335482077,23.495916780049395,15.6,Low,22.2,False,Low
SUP009,Bilge Ambalaj San. ve Tic. A.Ş.,Ambalaj,Adana,Medium,,178.0,9208121918,757454785.67,97396923.78,76,6.0,811.75,810.73,,772.6,66096,9077.0,2021-06-04,2026-05-31,45.0,False,0.13,0.24,False,True,False,True,True,False,2025-Q2,True,0.07894736842105263,0.027950602703519897,0.026672119676704853,0.13733054950375212,True,10.26315789473684,3.6312130272014547,2.7211540386550896,51.473178781220206,12.9,Low,14.8,False,Low
SUP083,Bilge Sakarya Mobilya San. ve Tic. A.Ş.,Mobilya,Gaziantep,Medium,1985.0,194.0,4968562187,166913253.93,21486345.94,99,17.0,100.83,99.84,110.02,102.28,47601,8937.0,2022-06-19,2026-05-24,60.0,,0.07,0.32,False,,True,,False,False,2025-Q2,True,0.1717171717171717,0.04482752029305938,0.005884029680662687,0.18774815655133295,False,22.32323232323232,17.281183949906957,0.13242666984153723,70.48226656372152,22.7,Low,11.9,False,Low
SUP008,Dumanlı Zengin Otomotiv Ltd. Şti.,Otomotiv Yan Sanayi,Van,Small,2000.0,20.0,7773602601,50375219.3,5592201.85,26,6.0,97.84,90.45,104.4,103.28,3276,354.0,2023-10-30,2025-02-28,90.0,False,0.12,0.98,False,True,False,,,False,2025-Q2,True,0.23076923076923078,0.06439998011608872,0.00153142287467316,0.10805860805860806,False,30.0,33.111296649856584,0.00896680644428755,40.43669892667542,24.8,Low,37.5,False,Medium
SUP012,Manço Bilir Kimya Ltd. Şti.,Kimya,Adana,Small,,37.0,3045053310,21773769.46,5285857.7,13,5.0,138.52,137.85,150.93,144.47,530,141.0,2022-06-25,2025-04-13,60.0,False,0.13,0.415,False,,False,True,False,False,2025-Q2,True,0.38461538461538464,0.04267363705593017,0.0014475306169513997,0.2660377358490566,False,50.0,15.53913340058513,0.008010880387190954,100.0,36.4,High,20.4,True,Low
SUP013,Çorlu İnşaat Malzemeleri San. Tic. Ltd. Şti.,İnşaat Malzemeleri,Şanlıurfa,Medium,1981.0,147.0,1733754337,936892914.12,129750292.53,111,18.0,241.72,245.53,214.5,248.5,118740,6725.0,2022-06-02,2024-11-28,30.0,False,0.05,0.25,False,True,,False,False,False,2025-Q2,True,0.16216216216216217,0.06576551063415392,0.035532080440904695,0.05663634832406939,False,21.08108108108108,34.215731258058376,4.829249160111944,21.048824203745053,20.3,Low,7.9,False,Low
SUP038,Zengin Makine İmalat Ltd. Şti.,Makine İmalat,Bursa,Small,2008.0,16.0,6850643170,76804211.33,4647199.59,51,15.0,183.34,190.8,178.29,181.08,8603,906.0,2021-02-28,2026-04-13,30.0,False,0.15,0.51,False,False,False,True,False,True,2025-Q2,True,0.29411764705882354,0.02924072733176375,0.001272634276478724,0.10531210043008253,False,38.23529411764706,4.674659709260851,0.006191118150539332,39.401175670748565,20.5,Low,25.3,False,Low
SUP069,Şama Yıldırım Gıda San. Tic. Ltd. Şti.,Gıda ve İçecek,Manisa,Medium,2001.0,217.0,8734540195,315353859.35,5319188.48,55,7.0,880.21,876.54,836.39,787.78,95323,3099.0,2020-07-07,2024-10-29,45.0,False,0.12,0.97,False,True,False,False,False,True,2025-Q2,True,0.12727272727272726,0.05103655459494375,0.0014566582415064216,0.03251051687420665,False,16.545454545454543,22.30302145246926,0.008112276502752133,11.952596224827577,13.2,Low,37.2,False,Medium
SUP041,İnönü Gıda Ltd. Şti.,Gıda ve İçecek,İstanbul,Small,2011.0,31.0,8761565458,66976905.19,10278592.63,13,4.0,123.34,108.84,104.54,117.34,2312,139.0,2025-02-01,2024-11-19,45.0,False,0.14,0.27,False,True,False,True,False,True,2025-Q2,False,0.3076923076923077,0.07432821462279728,0.0028147896473066257,0.060121107266435984,False,40.0,41.141205643094196,0.03030218948557639,22.362692364401468,27.6,Low,16.7,True,Low
SUP062,Ülker Kauçuk Ltd. Şti.,Plastik ve Kauçuk,Adana,Micro,2010.0,6.0,6625881534,3369894.07,436500.71,20,9.0,130.74,137.38,129.93,125.44,2592,226.0,2018-10-31,2024-12-18,90.0,False,0.15,0.54,False,True,False,True,True,False,2025-Q2,True,0.45,0.037631684444368,0.00011953559439294479,0.08719135802469136,False,58.5,11.461226035312471,5.0707715537345176e-05,32.56906277925221,28.2,Low,26.2,False,Low
SUP002,Yaman Korutürk Oto Yedek Parça San. Tic. Ltd. Şti.,Otomotiv Yan Sanayi,Kocaeli,Medium,1989.0,247.0,5131647525,862744929.71,78882989.57,52,22.0,143.74,163.64,158.74,153.43,55677,2957.0,2020-11-09,2025-03-02,60.0,True,0.03,0.25,False,True,False,True,False,False,2025-Q2,True,0.4230769230769231,0.05501623859106154,0.021602084096821773,0.053109901754764086,False,54.99999999999999,25.52177099843102,1.7849622640000673,19.7192384434974,29.0,Medium,6.1,False,Low
SUP073,Şama Elektronik San. Tic. Ltd. Şti.,Elektronik,Gaziantep,Medium,2003.0,79.0,4971870724,636233018.98,75713798.93,140,0.0,780.89,671.65,715.75,716.87,44594,8350.0,2017-03-24,2026-07-09,90.0,False,0.13,0.4,False,True,False,True,True,False,2025-Q2,True,0.0,0.062344650181696167,0.020734202147908207,0.1872449208413688,False,0.0,31.448955544487113,1.6444183289241883,70.29253023258288,18.8,Low,19.9,False,Low
SUP084,Akar Oto Yedek Parça Tic.,Otomotiv Yan Sanayi,Adana,Small,2009.0,15.0,5811426261,95937255.72,11063270.32,32,3.0,343.78,343.42,339.31,321.57,10654,831.0,2020-12-03,2025-02-05,60.0,False,0.2,0.29,False,False,False,True,False,False,2025-Q2,False,0.09375,0.031148553377205374,0.0030296734079333443,0.07799887366247418,False,12.1875,6.217700368652316,0.03510601150187813,29.103195348936683,10.2,Low,22.8,False,Low
SUP045,Eraslan Mobilya Tic.,Mobilya,Kahramanmaraş,Small,,37.0,1715969661,95079167.85,20748762.22,14,3.0,,87.81,94.86,103.56,613,21.0,2024-08-27,2025-10-25,60.0,True,0.09,0.25,False,True,True,,False,False,2025-Q2,True,0.21428571428571427,0.08268935763048878,0.005682042590229868,0.03425774877650897,True,27.857142857142854,47.903658462459155,0.1234905659406597,12.611359830484368,23.6,Low,11.5,False,Low
SUP028,Ertaş Kisakürek Taşimacilik Holding A.Ş.,Lojistik,İzmir,Large,1986.0,414.0,3787429673,5186256634.29,344992461.99,378,95.0,2166.14,2124.89,2302.62,2093.47,576226,133039.0,2020-11-09,,30.0,,0.11,0.75,False,,False,True,False,False,2025-Q2,True,0.25132275132275134,0.04243660856262563,0.0944760868889768,0.23087989781787008,False,32.67195767195767,15.347425879096424,34.14148745777695,86.74434451545721,36.8,High,29.3,False,Medium
SUP033,Akça Plastik San. Tic. Ltd. Şti.,Plastik ve Kauçuk,,Medium,1981.0,163.0,3400404557,384995038.54,44211909.94,137,8.0,508.4,542.23,561.5,529.95,83380,857.0,2020-04-13,,90.0,True,0.08,0.28,False,True,True,False,False,,2025-Q2,False,0.058394160583941604,0.041566809346773814,0.012107418872068372,0.010278244183257375,False,7.591240875912408,14.643936397561708,0.560710607792821,3.570301865082877,7.0,Low,11.6,False,Low
SUP080,Seven Ambalaj San. ve Tic. A.Ş.,Ambalaj,Konya,Medium,1978.0,184.0,1100623127,403807855.63,51765675.83,109,13.0,1074.51,1098.66,1142.75,1186.62,93268,7410.0,2022-09-20,2025-08-05,30.0,True,0.14,0.42,False,,False,True,False,False,2025-Q2,True,0.11926605504587157,0.043983432504530094,0.014176015497183373,0.07944847107260797,False,15.504587155963304,16.59848974887721,0.7686786574181268,29.64974101090185,14.2,Low,21.5,False,Low
SUP070,Bilgin Tekstil San. Tic. Ltd. Şti.,Tekstil,Manisa,Medium,1981.0,135.0,5788728743,258209836.78,34967978.65,60,8.0,951.61,1012.67,1113.85,1022.56,67973,8442.0,2020-08-09,2025-12-11,45.0,False,0.08,0.52,False,True,False,True,True,True,2025-Q2,True,0.13333333333333333,0.06528512449319641,0.009575970936330327,0.12419637208891766,False,17.333333333333332,33.82719722505433,0.35075142598311154,46.52116407743006,21.6,Low,19.2,False,Low
SUP031,Alemdar Türk Mobilya Tic.,Mobilya,İstanbul,Small,2015.0,32.0,6886753392,87762424.1,7571873.97,38,10.0,339.29,314.66,331.87,291.31,13368,848.0,,2025-03-06,90.0,False,0.12,0.44,False,True,False,True,False,False,2025-Q2,True,0.2631578947368421,0.0667489168154604,0.0020735555176357367,0.06343506882106523,True,34.210526315789465,35.011105514573224,0.016442421302337966,23.61216432050464,24.3,Low,20.3,False,Low
SUP036,Eraslan Yaman Oto Yedek Parça San. ve Tic. A.Ş.,Otomotiv Yan Sanayi,Denizli,Medium,1982.0,169.0,2236851603,258076063.4,7679544.04,82,4.0,918.72,842.98,911.83,897.36,57557,5822.0,2024-07-01,2024-12-29,60.0,False,0.11,0.33,False,True,False,True,False,True,2025-Q2,True,0.04878048780487805,0.03846161217070096,0.0021030409354619297,0.10115190159320325,False,6.341463414634147,12.132467645179283,0.016913472916565746,37.832644565964756,10.9,Low,15.9,False,Low
SUP043,Tarhan Şafak Elektrik Tic.,Elektronik,Kayseri,Small,,21.0,3961201857,79068927.87,12109216.48,40,11.0,242.01,220.96,208.45,213.36,13837,1192.0,2019-06-01,,90.0,False,0.25,0.78,False,True,False,True,False,False,2025-Q2,False,0.275,0.06691039294446958,0.0033161054642262613,0.0861458408614584,False,35.75,35.141706642059475,0.04205857957725932,32.174868593969855,26.1,Low,43.0,False,High
SUP023,Karadeniz Demir Çelik Tic.,Metal ve Çelik,Van,Small,2000.0,40.0,8701436349,,8956318.46,22,9.0,103.45,94.81,99.87,97.96,8172,868.0,2024-05-28,2026-01-16,60.0,False,0.16,0.62,False,True,False,False,False,True,2025-Q2,True,0.4090909090909091,0.03650238453508358,0.002452685244632486,0.10621634850709741,True,53.18181818181819,10.547853623379819,0.02300635498055681,39.742106787469595,27.2,Low,29.7,False,Medium
SUP049,Şafak Çelik San. Tic. Ltd. Şti.,Metal ve Çelik,Adana,Medium,1984.0,139.0,5629148653,,86464245.83,88,15.0,502.35,418.4,454.14,468.13,50011,9674.0,2018-08-04,2025-04-25,45.0,False,0.15,0.61,False,False,False,,,False,2025-Q2,True,0.17045454545454544,0.0754150218112351,0.02367820895188635,0.1934374437623723,False,22.159090909090907,42.02021014388992,2.1445471186292133,72.62731402526498,29.7,Medium,28.5,False,Medium
SUP001,Korutürk Aslan İplik San. Tic. Ltd. Şti.,Tekstil,Trabzon,Medium,2009.0,157.0,4794026545,225584135.67,9176104.045000002,138,29.0,310.8,,329.98,289.41,49660,5234.0,,2024-09-29,45.0,True,0.04,0.34,False,False,False,False,True,True,2025-Q2,True,0.21014492753623187,0.06545446554751798,0.002512873464124675,0.10539669754329441,True,27.31884057971014,33.96415946684085,0.024149544704023158,39.4330715508857,24.0,Low,9.8,False,Low
SUP075,Soylu San. ve Tic. A.Ş.,İnşaat Malzemeleri,İzmir,Large,1962.0,712.0,1690331198,2558831511.76,12393295.3,399,152.0,3967.38,4077.34,3653.7,3496.83,198622,21244.0,2021-06-06,2026-02-11,30.0,,0.13,0.415,False,True,False,True,False,False,2025-Q2,True,0.38095238095238093,0.07100064773385811,0.0033939003677056767,0.1069569332702319,False,49.52380952380952,38.44988532133534,0.04405527921267671,40.02133147894535,33.0,Medium,20.4,True,Low
SUP058,Yorulmaz Çelik San. ve Tic. A.Ş.,Metal ve Çelik,Denizli,Medium,1976.0,238.0,3786814479,129146791.58,3904866.78,78,25.0,1105.17,1294.55,1102.15,1088.37,64079,5514.0,2021-12-03,2025-03-14,45.0,False,0.11,0.38,False,True,False,,True,False,2025-Q2,True,0.32051282051282054,0.08563019790699808,0.001069346649109836,0.08605003199176017,False,41.66666666666667,50.28219613379045,0.00437002150070739,32.13874551473055,32.0,Medium,17.5,False,Low
SUP047,Akgunduz İcecek Tic.,Gıda ve İçecek,Ankara,Micro,2015.0,8.0,5490581475,7842056.85,1570510.02,31,5.0,38.6,38.19,37.82,41.28,786,119.0,2018-08-22,2026-02-21,90.0,True,0.16,0.35,False,True,False,True,False,False,2025-Q2,True,0.16129032258064516,0.04030980023282749,0.0004300837190866782,0.15139949109414758,False,20.96774193548387,13.627273386445394,0.0007035820423368505,56.77763016952828,19.3,Low,21.1,False,Low
SUP011,Safak Otomotiv Ltd. Şti.,Otomotiv Yan Sanayi,Konya,Small,1994.0,27.0,5935348749,49436611.57,7289244.09,23,6.0,123.09,126.17,119.67,116.69,6148,749.0,2019-05-30,2026-03-06,30.0,,0.17,0.24,False,True,False,,False,False,2025-Q2,True,0.2608695652173913,0.03389021905183196,0.001996157405960256,0.12182823682498374,False,33.91304347826087,8.435146566388585,0.01523757170990193,45.628299585260216,20.8,Low,18.5,False,Low
SUP039,Zengin Gülen Mobilya San. Tic. Ltd. Şti.,Mobilya,Manisa,Medium,1975.0,120.0,3284210201,319212007.45,9597620.86,45,10.0,1065.76,1061.26,1046.64,1118.23,15579,42.0,2023-12-25,2026-08-08,60.0,False,0.05,0.415,False,False,False,True,False,False,2025-Q2,True,0.2222222222222222,0.02913044928057519,0.002628305723164175,0.002695936838051223,False,28.888888888888886,4.585467344354747,0.026419559199481992,0.7115238635227239,11.4,Low,13.1,True,Low
SUP005,Bilir Kimya Ltd. Şti.,Kimya,Manisa,Small,2018.0,10.0,6701543031,95843433.48,23112698.84,36,8.0,180.12,210.4,205.1,183.57,3187,339.0,2017-03-14,2024-11-21,30.0,True,0.25,0.06,False,True,True,True,,False,2025-Q2,True,0.2222222222222222,0.07791400504934476,0.006329405956440541,0.10636962660809539,False,28.888888888888886,44.04137593767608,0.153233389810493,39.79989764760018,27.1,Low,20.0,False,Low
SUP052,Sakarya Gıda San. ve Tic. A.Ş.,Gıda ve İçecek,İstanbul,Medium,2003.0,139.0,1606853619,886705250.55,72578120.49,65,20.0,757.24,755.52,718.67,762.38,17061,836.0,2025-04-30,,60.0,True,0.1,0.32,False,True,False,True,False,True,2025-Q2,True,0.3076923076923077,0.026812306167947525,0.019875497505364687,0.049000644745325596,False,40.0,2.7105641865855747,1.5110317042070784,18.16991407473954,17.8,Low,14.7,False,Low
SUP057,İhsanoğlu Arsoy Oto Yedek Parça Tic.,Otomotiv Yan Sanayi,Şanlıurfa,Small,1988.0,14.0,7582029704,50132418.68,9488067.79,32,11.0,147.22,132.89,133.11,124.05,11987,1858.0,2017-01-09,,45.0,True,0.22,0.35,False,,False,True,False,False,2025-Q2,True,0.34375,0.07133166055962076,0.0025983046463273884,0.15500125135563528,False,44.6875,38.71760692527936,0.02581977411192591,58.135611656383276,34.0,Medium,26.5,False,Medium
SUP016,Ertaş Duran Mobilya San. Tic. Ltd. Şti.,Mobilya,Van,Medium,1990.0,222.0,5732003793,497943819.37,19358336.54,135,45.0,565.36,506.33,565.01,616.12,56216,10654.0,2017-06-06,2026-03-30,30.0,False,0.12,0.31,False,True,False,True,False,False,2025-Q2,False,0.3333333333333333,0.07968693563656584,0.005301274916064998,0.18951899814999287,False,43.33333333333333,45.475313790080044,0.10749379580488497,71.14993179753684,37.2,High,16.2,False,Low
SUP019,Akar İnşaat Malzemeleri Ltd. Şti.,İnşaat Malzemeleri,İzmir,Small,2012.0,41.0,1656272985,72597068.78,14601058.89,31,10.0,262.99,238.42,267.22,287.79,12352,2267.0,,2025-12-02,30.0,False,0.15,0.26,False,True,True,True,,False,2025-Q2,True,0.3225806451612903,0.07671945442608612,0.0039984957943883775,0.18353303108808292,False,41.93548387096774,43.07522905767433,0.061151053895538696,68.89302632331187,35.8,High,17.3,False,Low
SUP014,Ergül Kimyasal Ürünler Ltd. Şti.,Kimya,Mersin,Small,2007.0,30.0,7981693409,67733356.47,7440475.66,15,8.0,117.5,124.53,110.57,117.09,13178,1010.0,2023-02-26,2024-11-24,90.0,True,0.26,0.36,False,True,False,,False,False,2025-Q2,True,0.5333333333333333,0.048572497093108916,0.002037572128082766,0.0766428896645925,False,69.33333333333333,20.310103428578046,0.015876570772981862,28.591945006906876,33.6,Medium,30.5,False,Medium
SUP066,Hançer Gülen Demir Çelik Ltd. Şti.,Metal ve Çelik,Adana,Micro,2015.0,3.0,9962308131,6045170.35,1695372.92,24,10.0,187.83,189.31,203.39,215.71,1090,26.0,2020-02-11,2026-03-17,30.0,False,0.24,0.415,False,,True,,False,False,2025-Q2,False,0.4166666666666667,0.0659572125999295,0.0004642773884832912,0.023853211009174313,False,54.166666666666664,34.37077889900223,0.0008205581882210581,8.688508601766546,28.9,Medium,30.4,True,Medium
SUP078,Sakarya Ambalaj Tic.,Ambalaj,Denizli,Micro,2009.0,1.0,4317393637,8379359.71,547015.03,16,9.0,113.96,104.57,105.32,108.2,808,43.0,2023-08-14,2025-02-04,60.0,False,0.22,0.42,False,True,True,False,False,False,2025-Q2,True,0.5625,0.039463588473607654,0.00014979990926687045,0.053217821782178217,False,73.125,12.942861327992162,8.188678482459315e-05,19.759927825535488,31.8,Medium,28.8,False,Medium
SUP054,Akar Manço Oto Yedek Parça San. Tic. Ltd. Şti.,Otomotiv Yan Sanayi,Gaziantep,Medium,2008.0,142.0,2888880672,637065138.54,8127709.75,55,18.0,1224.12,1117.42,1187.34,,114269,25175.0,2025-04-30,2025-12-27,,False,0.15,0.69,False,True,False,True,,,2025-Q2,True,0.32727272727272727,0.04607775891877305,0.0022257709867633036,0.2203134708451111,True,42.54545454545454,18.292371022243696,0.018945634923073898,82.76045575844009,31.9,Medium,31.0,False,Medium
SUP051,İnönü Akçay Mobilya San. ve Tic. A.Ş.,Mobilya,Şanlıurfa,Medium,2005.0,99.0,6967468862,139323185.16,9176104.045000002,138,34.0,854.33,926.92,775.44,707.0,32528,6679.0,2021-03-04,2025-10-03,45.0,False,0.12,0.32,False,True,,True,False,True,2025-Q2,False,0.2463768115942029,0.11691225925860516,0.002512873464124675,0.2053307919331038,True,32.028985507246375,75.58297902772277,0.024149544704023158,77.11149549766064,41.7,High,16.5,False,Low
SUP044,Kısakürek Tevetoğlu Çelik Tic.,Metal ve Çelik,Sakarya,Small,2002.0,23.0,9156149784,94726668.16,14018921.75,30,3.0,147.16,,134.25,152.63,12654,2326.0,2017-10-09,2025-07-05,60.0,True,0.15,0.51,False,False,False,False,False,,2025-Q2,True,0.1,0.06523107629444648,0.0038390777053591315,0.18381539434171013,True,13.0,33.78348329818071,0.05637182401907021,68.9994865103193,23.4,Low,25.3,False,Low
SUP072,Erdoğan Akçay Makine İmalat Ltd. Şti.,Makine İmalat,Ankara,Small,2008.0,49.0,4327279560,42359688.15,3479837.96,46,3.0,115.75,122.91,127.81,103.65,688,109.0,2017-09-10,2025-03-06,90.0,False,0.31,0.415,False,True,,True,False,,2025-Q2,True,0.06521739130434782,0.08929777198802917,0.000952952628507139,0.15843023255813954,False,8.478260869565217,53.2485126603327,0.003469664404731958,59.42844978377468,25.2,Low,36.8,True,Medium
SUP077,Çetin Güçlü Ambalaj Tic.,Ambalaj,Adana,Small,2014.0,13.0,9668826348,70420827.23,15538294.02,13,10.0,350.73,370.06,406.76,389.02,6009,868.0,2024-09-25,,45.0,False,0.11,0.92,False,True,True,True,,False,2025-Q2,True,0.7692307692307693,0.06370338911256644,0.004255157366257295,0.14444999167914793,True,100.0,32.54789714916868,0.06925405240752482,54.15744146641314,51.3,High,34.7,False,Medium
SUP021,Akdeniz Bilgin Otomotiv Tic.,Otomotiv Yan Sanayi,Manisa,Small,2010.0,22.0,2931491901,33061932.69,4018232.6,46,5.0,216.86,210.62,181.97,174.01,3931,679.0,2021-08-13,2024-11-10,60.0,,0.26,0.63,False,True,False,True,False,False,2025-Q2,True,0.10869565217391304,0.1074681267302955,0.0011003918464419175,0.1727295853472399,False,14.130434782608695,67.94460941919276,0.0046276776510639425,64.81977373424381,31.7,Medium,39.1,False,High
SUP007,Akar Demirel Makine İmalat Ltd. Şti.,Makine İmalat,Balıkesir,Micro,2013.0,4.0,2165667019,,3012911.23,26,16.0,53.51,52.67,49.86,49.73,577,44.0,2017-02-21,,30.0,False,0.21,0.35,True,False,False,False,False,False,2025-Q2,True,0.6153846153846154,0.03759069431221431,0.0008250848772530711,0.07625649913344887,False,80.0,11.428073410785673,0.002600022136874893,28.446263131963768,35.1,Medium,65.6,False,High
SUP004,Şafak Türk Lojistik Ltd. Şti.,Lojistik,Mersin,Small,1989.0,34.0,7978480182,48559044.46,7505234.47,41,16.0,274.0,275.11,274.86,251.33,5024,643.0,2018-03-04,2025-12-12,60.0,False,0.35,0.86,False,True,True,True,False,,2025-Q2,True,0.3902439024390244,0.043422370489913056,0.0020553063096503737,0.1279856687898089,False,50.73170731707317,16.144705451790642,0.016154208634847574,47.94985293910503,29.0,Medium,54.6,False,High
SUP082,Gulen Gul Celik Tic.,Metal ve Çelik,İzmir,Small,1985.0,20.0,2765918019,99120972.85,9176104.045000002,32,9.0,242.01,228.09,268.4,252.74,7263,840.0,2018-05-14,2024-10-27,45.0,False,0.1,0.36,False,True,False,True,False,True,2025-Q2,False,0.28125,0.06874998744108185,0.002512873464124675,0.11565468814539447,True,36.5625,36.62956194828496,0.024149544704023158,43.300669702526854,28.5,Low,15.9,False,Low
SUP050,Yılmaz Makine San. Tic. Ltd. Şti.,Makine İmalat,Şanlıurfa,Medium,,179.0,9805929621,703410436.07,62467886.94,125,25.0,166.21,156.34,143.68,156.56,73534,908.0,2019-05-20,2025-08-28,45.0,True,0.14,0.65,True,True,False,True,False,True,2025-Q2,True,0.2,0.059340850683469726,0.017106812943887703,0.012348029482960264,False,26.0,29.019496753158908,1.119374414981996,4.350678657179575,17.3,Low,68.8,True,High
SUP085,Şafak Kimyasal Ürünler Tic.,Kimya,Sakarya,Micro,2012.0,,9398262248,1471198.43,117311.43,19,4.0,156.08,164.58,156.35,144.97,3224,653.0,2024-04-28,2024-12-27,60.0,False,0.14,0.49,False,True,False,True,False,False,2025-Q2,True,0.21052631578947367,0.05176730392375464,3.212570150031677e-05,0.20254342431761788,False,27.368421052631575,22.894048044685224,0.0,76.06056668949905,26.7,Low,23.7,True,Low
SUP076,Yaman Gül İplik San. ve Tic. A.Ş.,Tekstil,Diyarbakır,Medium,1995.0,110.0,5283644089,495066530.34,43609049.37,71,16.0,109.55,110.77,119.22,101.14,109160,10829.0,2020-05-03,2025-11-02,45.0,False,0.07,0.39,False,True,False,True,False,False,2025-Q2,True,0.22535211267605634,0.06715006927456456,0.011942325677670087,0.09920300476364968,False,29.295774647887324,35.33555572138927,0.5455233860741353,37.09784668321201,24.8,Low,14.2,False,Low
SUP065,Duran Demir Çelik Ltd. Şti.,Metal ve Çelik,Tekirdağ,Small,2005.0,20.0,7949588879,,7180045.81,53,15.0,82.9,79.66,71.62,76.15,2615,399.0,2020-04-18,,60.0,False,0.14,0.53,True,False,False,True,False,,2025-Q2,True,0.2830188679245283,0.062349007194284004,0.0019662534882633354,0.15258126195028682,False,36.79245283018868,31.452479475608907,0.014784333732863005,57.22319645596373,29.3,Medium,65.0,True,High
SUP046,Gul Celik Ltd. Şti.,Metal ve Çelik,Manisa,Micro,2002.0,9.0,2883552317,9237812.64,669310.91,9,4.0,177.1,166.05,180.4,163.38,4235,757.0,2016-11-20,,45.0,False,0.14,0.43,False,False,False,True,False,False,2025-Q2,True,0.4444444444444444,0.04825148243766231,0.00018329060097183525,0.17874852420306966,False,57.77777777777777,20.05046829737823,0.00012455702348146156,67.08911065378462,35.3,High,21.8,True,Low
SUP067,Akcay İnsaat Malzemeleri Tic.,İnşaat Malzemeleri,Tekirdağ,Small,2014.0,44.0,6854973341,,9176104.045000002,55,7.0,200.12,191.24,192.81,200.08,3950,475.0,2023-01-17,,60.0,,0.22,0.55,False,True,True,False,True,False,2025-Q2,True,0.12727272727272726,0.024002471992052146,0.002512873464124675,0.12025316455696203,True,16.545454545454543,0.4379836282513643,0.024149544704023158,45.034445795683254,12.7,Low,32.9,False,Medium
SUP015,Eraslan Sezgin Nakliyat San. ve Tic. A.Ş.,Lojistik,Sakarya,Large,1976.0,2973.0,7299468043,7642121401.8,590429937.72,190,63.0,2228.27,2105.42,,2175.96,502072,14317.0,2022-07-18,2025-12-22,60.0,True,0.1,0.24,False,True,False,True,False,False,2025-Q2,True,0.33157894736842103,0.028411675226512972,0.1616890693093021,0.02851583039882726,True,43.10526315789473,4.004126297573458,100.0,10.44646869675202,42.7,High,12.1,False,Low
SUP003,Korutürk Makine İmalat San. Tic. Ltd. Şti.,Makine İmalat,Kocaeli,Medium,1995.0,152.0,5139537675,671480459.38,53829800.88,124,43.0,143.93,146.74,160.51,160.57,98823,2738.0,2018-06-08,2026-02-17,45.0,True,0.12,0.415,False,True,False,True,False,True,2025-Q2,True,0.3467741935483871,0.05788824382029379,0.014741275550833955,0.027706100806492415,False,45.08064516129032,27.844635209913378,0.8312023467099744,10.141174141890346,24.5,Low,19.5,True,Low
SUP037,Durmus Duran Plastik Ltd. Şti.,Plastik ve Kauçuk,Bursa,Small,2004.0,36.0,2200471139,44292294.93,7857338.63,59,18.0,,102.92,111.0,100.5,12081,798.0,2020-11-20,,45.0,False,0.12,0.38,False,True,False,True,False,False,2025-Q2,True,0.3050847457627119,0.052462077962647374,0.0021517299330021627,0.06605413459150733,True,39.66101694915255,23.455977992996075,0.01770587517505284,24.599637825375538,23.4,Low,18.4,False,Low
SUP022,Aslan Oto Yedek Parça San. ve Tic. A.Ş.,Otomotiv Yan Sanayi,Aydın,Medium,2012.0,118.0,6314737996,864618064.3,108433648.1,97,27.0,435.18,,409.17,401.38,91339,379.0,2018-05-30,,,True,0.09,0.41,False,True,False,False,False,False,2025-Q2,True,0.27835051546391754,0.04262452287045734,0.029694523470142595,0.004149377593360996,True,36.18556701030928,15.49941008025488,3.3728024668001226,1.2595185923934225,17.6,Low,16.6,False,Low
SUP018,Arslan İçecek Ltd. Şti.,Gıda ve İçecek,Konya,Small,1990.0,18.0,3362316656,33327239.36,2771899.9,56,20.0,184.6,237.8,238.59,218.76,15319,919.0,2018-01-12,2025-11-12,90.0,False,0.17,0.19,False,True,False,True,False,True,2025-Q2,True,0.35714285714285715,0.11493799401676068,0.0007590839935729868,0.059990861022259936,False,46.42857142857142,73.98620266130925,0.00220008666966255,22.313585268014545,38.1,High,16.9,False,Low
SUP062,Ülker Kauçuk Ltd. Şti.,Plastik ve Kauçuk,Adana,Micro,2010.0,6.0,6625881534,3369894.07,454314.63,19,8.0,124.61,127.69,126.83,121.05,2612,206.0,2018-10-31,2024-12-18,90.0,False,0.13,0.38,False,,False,True,True,False,2025-Q3,True,0.42105263157894735,0.023692497401622176,0.00011534926745047622,0.07886676875957122,False,63.1578947368421,9.510057085261902,4.570415641865788e-05,25.37671583289261,28.3,Low,15.6,True,Low
SUP012,Manço Bilir Kimya Ltd. Şti.,Kimya,Adana,Small,1994.0,37.0,3045053310,21773769.46,4895514.18,13,4.0,140.88,133.72,156.2,149.88,568,175.0,2022-06-25,2025-04-13,60.0,False,0.12,0.31,False,True,False,True,False,False,2025-Q3,True,0.3076923076923077,0.06811719039244805,0.0012429579352450499,0.30809859154929575,False,46.15384615384615,36.34159691996789,0.005729808885476905,100.0,40.2,High,13.2,False,Low
SUP052,Sakarya Gıda San. ve Tic. A.Ş.,Gıda ve İçecek,İstanbul,Medium,2003.0,139.0,1606853619,886705250.55,76798116.04,59,25.0,754.72,743.53,719.43,813.66,17715,854.0,2025-04-30,2026-08-19,60.0,True,0.09,0.39,False,True,False,True,False,True,2025-Q3,True,0.423728813559322,0.052813327892088424,0.01949883592080376,0.04820773355913068,False,63.559322033898304,27.098399755092473,1.4109833879247555,15.396086319029243,31.7,Low,13.0,False,Low
SUP003,Korutürk Makine İmalat San. Tic. Ltd. Şti.,Makine İmalat,Kocaeli,Medium,1995.0,152.0,5139537675,671480459.38,55562250.81,131,48.0,134.23,149.15,168.79,161.74,95289,2163.0,2018-06-08,2026-02-17,45.0,,0.11,0.07,False,True,True,True,False,True,2025-Q3,True,0.366412213740458,0.09895262721690143,0.014107106629678928,0.022699367188237885,False,54.961832061068705,54.965524194979984,0.7385491446186444,7.092186584829051,34.2,Medium,6.5,False,Low
SUP041,İnönü Gıda Ltd. Şti.,Gıda ve İçecek,İstanbul,Small,2011.0,31.0,8661565458,66976905.19,10922355.73,13,3.0,124.36,100.34,105.03,113.11,2533,105.0,2025-02-01,,45.0,,0.24,0.32,False,True,False,True,False,True,2025-Q3,True,0.23076923076923078,0.09500451392682471,0.0027731568589129773,0.04145282273983419,False,34.61538461538462,52.580950394177314,0.028536363008343314,13.197117504589286,27.2,Low,22.0,False,Medium
SUP007,Akar Demirel Makine İmalat Ltd. Şti.,Makine İmalat,Balıkesir,Micro,2013.0,4.0,2165667019,9101490.12,3018187.29,24,16.0,56.86,55.63,51.55,53.13,593,50.0,2017-02-21,2025-11-19,30.0,False,0.17,0.28,True,False,True,False,False,False,2025-Q3,True,0.6666666666666666,0.044171316078843254,0.0007663096672229949,0.08431703204047218,False,100.0,21.878814236134073,0.0021756121557055383,27.150974487936796,44.5,High,56.0,False,High
SUP059,Durdu Akça Ambalaj Tic.,Ambalaj,Manisa,Small,1996.0,33.0,9316237056,16664683.53,1080575.55,20,3.0,68.52,79.49,78.96,87.88,2339,503.0,,2026-07-23,60.0,False,0.13,0.44,False,False,False,False,False,False,2025-Q3,False,0.15,0.10073067892406556,0.0002743552372887385,0.21504916631038906,False,22.5,56.039428413491834,0.00027566533089371626,69.70903246902854,32.3,Medium,17.1,True,Low
SUP013,Çorlu İnşaat Malzemeleri San. Tic. Ltd. Şti.,İnşaat Malzemeleri,Şanlıurfa,Medium,,147.0,1733754337,936892914.12,136578307.61,108,19.0,231.98,259.88,202.82,241.64,120585,6095.0,2022-06-02,,30.0,False,0.13,0.25,False,,False,True,False,False,2025-Q3,True,0.17592592592592593,0.10182623953287968,0.03467686640960539,0.05054525853132645,False,26.38888888888889,56.70112298328439,4.462569523108046,16.15703559790787,27.0,Low,12.4,True,Low
SUP034,Şensoy Soylu Mobilya Tic.,Mobilya,Balıkesir,Small,2014.0,28.0,9217594648,,4732091.38,47,13.0,91.49,90.75,77.69,87.97,15443,2438.0,2022-01-17,2025-02-22,90.0,False,0.16,0.11,False,True,False,True,False,False,2025-Q3,True,0.2765957446808511,0.07327143747892013,0.0012014653241338785,0.15787088001036068,False,41.48936170212767,39.45464906975208,0.005353406094422577,51.09542352578323,32.1,Medium,11.0,False,Low
SUP028,Ertaş Kısakürek Taşımacılık Holding A.Ş.,Lojistik,İzmir,Large,1986.0,414.0,3787429673,,315882185.87,390,82.0,,2211.5,2440.09,1953.42,570089,146593.0,2020-11-09,,30.0,True,0.12,0.55,False,True,False,True,False,False,2025-Q3,True,0.21025641025641026,0.11059053711202697,0.0802016407456649,0.25714055173841277,True,31.538461538461544,61.994566421749354,23.87108181306968,83.41130721237387,45.0,High,19.2,False,Low
SUP004,Şafak Türk Lojistik Ltd. Şti.,Lojistik,Mersin,Small,1989.0,34.0,7978480182,48559044.46,7774538.21,45,14.0,295.04,294.83,,256.86,4887,740.0,2018-03-04,,60.0,False,0.45,0.68,False,True,True,False,False,True,2025-Q3,True,0.3111111111111111,0.07788620551184744,0.001973934423571692,0.1514221403724166,True,46.666666666666664,42.241867708021275,0.014456419526107909,48.996124551210144,34.2,Medium,46.0,False,High
SUP039,Zengin Gülen Mobilya San. Tic. Ltd. Şti.,Mobilya,Manisa,Medium,1975.0,120.0,3284210201,319212007.45,9579568.85,48,10.0,1092.12,1092.65,1006.0,1175.77,17033,45.0,2023-12-25,2026-08-08,60.0,False,0.04,0.54,False,False,False,True,False,False,2025-Q3,True,0.20833333333333334,0.06349563762814096,0.0024322268674000238,0.0026419303704573473,False,31.250000000000007,33.55028045281056,0.021950334297620114,0.5627624014772612,19.4,Low,13.2,False,Low
SUP029,Sener Sezer Celik Ltd. Şti.,Metal ve Çelik,Tekirdağ,Small,,10.0,9760385974,39682329.72,6970724.41,47,9.0,334.39,331.99,386.03,432.0,2140,251.0,2021-04-14,2026-08-29,90.0,False,0.22,0.5,False,True,,True,False,False,2025-Q3,True,0.19148936170212766,0.12837633164422407,0.0017698482531646694,0.11728971962616823,False,28.723404255319153,72.73679607724958,0.01162091810858327,37.88478188656184,33.9,Medium,25.1,False,Medium
SUP085,Şafak Kimyasal Ürünler Tic.,Kimya,Sakarya,Micro,2012.0,2.0,9398262248,1471198.43,123925.82,18,3.0,165.69,165.26,159.62,,3414,813.0,2024-04-28,2024-12-27,60.0,False,0.27,0.51,False,True,False,True,False,False,2025-Q3,True,0.16666666666666666,0.02071396230570829,3.1464433701374695e-05,0.23813708260105448,True,25.0,7.711087240009686,0.0,77.2249877897919,22.3,Low,28.9,False,High
SUP030,Hayrioğlu Karadeniz Lojistik Ltd. Şti.,Lojistik,Denizli,Small,2014.0,17.0,3748467739,72842502.62,3753814.48,15,6.0,166.07,225.8,255.5,233.25,5291,93.0,2020-06-05,2026-02-23,,False,0.17,0.26,False,True,False,True,False,,2025-Q3,True,0.4,0.17351572624012646,0.0009530834400225904,0.017577017577017576,False,60.00000000000001,100.0,0.003367393917209717,5.4246757393039,46.8,High,15.5,False,Low
SUP053,Şener Otomotiv Ltd. Şti.,Otomotiv Yan Sanayi,Çorum,Small,1994.0,45.0,9614341038,23144437.61,816355.96,54,8.0,165.17,150.96,144.98,143.25,12044,675.0,2021-10-08,2026-06-25,90.0,False,0.12,0.44,False,True,False,True,False,False,2025-Q3,True,0.14814814814814814,0.06586071948541616,0.00020727059123064177,0.05604450348721355,False,22.22222222222222,34.978738001834586,0.00015575998014461586,17.94723956720637,19.2,Low,16.4,False,Low
SUP081,Gül Yorulmaz Konfeksiyon Ltd. Şti.,Tekstil,Samsun,Small,,21.0,2182339848,65486742.5,10009228.29,47,2.0,244.09,238.03,232.93,235.93,10915,808.0,2024-08-20,2026-07-12,60.0,False,0.18,0.36,False,False,False,False,False,False,2025-Q3,True,0.0425531914893617,0.019850753273119377,0.0025413162481606254,0.07402656894182318,False,6.382978723404256,7.189727924181201,0.023963845386194595,23.801054993006883,7.6,Low,18.7,False,Low
SUP042,Demir Manço Oto Yedek Parça Ltd. Şti.,Otomotiv Yan Sanayi,Manisa,Small,2004.0,32.0,2983273157,77013007.23,8175082.25,16,3.0,193.54,177.95,195.37,234.58,2408,198.0,2017-06-29,2026-07-10,,True,0.1,0.2,False,False,False,True,,False,2025-Q3,True,0.1875,0.12035936650944366,0.0020756314822722986,0.08222591362126246,False,28.125,67.89472503780016,0.015984768485948073,26.47023949170156,30.8,Low,9.0,False,Low
SUP078,Sakarya Ambalaj Tic.,Ambalaj,Denizli,Micro,2009.0,1.0,4317393637,8379359.71,596354.72,17,8.0,104.96,103.06,100.82,105.54,863,51.0,2023-08-14,2025-02-04,60.0,False,0.15,0.46,False,True,True,False,False,False,2025-Q3,True,0.47058823529411764,0.020577750066107618,0.00015141286577681606,0.05909617612977984,False,70.58823529411765,7.6288180359529525,8.140667886758592e-05,18.94066985109896,29.5,Low,19.1,False,Low
SUP040,Yaman Zorlu Metal Ltd. Şti.,Metal ve Çelik,Eskişehir,Small,2018.0,29.0,8007661779,21408268.93,2459320.81,10,3.0,111.09,132.54,122.38,127.43,3114,788.0,2022-11-07,2025-02-27,30.0,False,0.18,0.7,False,,False,True,False,False,2025-Q3,True,0.3,0.07434763921261259,0.0006244149651513794,0.25305073859987154,False,45.0,40.104651303728396,0.0014432717617382511,82.07992449110272,38.1,High,27.2,False,Medium
SUP025,Ülker Kimya Ltd. Şti.,Kimya,Kocaeli,Small,1992.0,,7719022941,72767565.36,4005178.47,10,2.0,217.38,212.23,210.62,199.26,1509,153.0,2022-09-26,2025-02-19,30.0,False,0.16,0.36,False,True,False,True,False,False,2025-Q3,True,0.2,0.03640258388520552,0.0010169040836807725,0.10139165009940358,False,30.000000000000004,17.186670446602427,0.003833978428164426,32.70938282736381,19.7,Low,17.3,False,Low
SUP073,Şama Elektronik San. Tic. Ltd. Şti.,Elektronik,Gaziantep,Medium,2003.0,79.0,4971870724,636233018.98,77361821.89,128,0.0,809.62,708.88,665.12,669.41,44010,8155.0,2017-03-24,2026-07-09,90.0,False,0.11,0.45,False,True,False,True,True,,2025-Q3,True,0.0,0.09420587299968015,0.019641959325953726,0.1852987957282436,False,0.0,52.09858879733452,1.4317729799807153,60.02420629171077,22.4,Low,16.0,False,Low
SUP065,Duran Demir Çelik Ltd. Şti.,Metal ve Çelik,Tekirdağ,Small,2005.0,20.0,7949588879,55821026.46,6955654.47,52,13.0,79.83,83.84,69.76,77.1,2650,396.0,2020-04-18,,60.0,,0.11,0.39,True,False,False,True,False,False,2025-Q3,True,0.25,0.07643156233457864,0.0017660220357709599,0.14943396226415095,False,37.5,41.36329514559004,0.011570710258120603,48.34890036504631,30.7,Low,54.5,False,High
SUP077,Çetin Güçlü Ambalaj Tic.,Ambalaj,Adana,Small,2014.0,13.0,9668826348,70420827.23,15736583.6,12,5.0,338.51,,395.52,392.32,5418,430.0,2024-09-25,2025-03-17,45.0,False,0.13,0.99,False,True,True,True,False,False,2025-Q3,True,0.4166666666666667,0.08531352964721416,0.003995476417814627,0.07936507936507936,True,62.500000000000014,46.72780852126493,0.059240112062037845,25.538934033951143,37.4,High,30.9,True,High
SUP008,Dumanlı Zengin Otomotiv Ltd. Şti.,Otomotiv Yan Sanayi,Van,Small,2000.0,20.0,7773602601,50375219.3,5893246.35,28,6.0,99.59,84.46,101.21,,3419,359.0,2023-10-30,2025-02-28,90.0,False,0.14,0.38,False,True,False,True,False,False,2025-Q3,True,0.21428571428571427,0.09715915988446042,0.0014962794602887712,0.10500146241591109,True,32.142857142857146,53.882309277038466,0.008304987919080846,33.884507847120624,29.8,Low,16.4,True,Low
SUP050,Yilmaz Makine San. Tic. Ltd. Şti.,Makine İmalat,Şanlıurfa,Medium,1981.0,179.0,9805929621,703410436.07,59249844.96,118,23.0,178.56,168.06,138.89,161.44,73402,942.0,2019-05-20,2025-08-28,45.0,True,0.08,0.77,True,True,False,True,False,True,2025-Q3,True,0.19491525423728814,0.1037705906786965,0.015043376905318437,0.012833437780986895,False,29.237288135593225,57.87546841393066,0.8398359003716412,3.8804682257892695,25.5,Low,61.8,False,High
SUP016,Ertas Duran Mobilya San. Tic. Ltd. Şti.,Mobilya,Van,Medium,1990.0,222.0,5332003793,497943819.37,19796098.69,123,37.0,550.26,504.2,561.12,626.6,56390,9738.0,2017-06-06,2026-03-30,30.0,False,0.1,0.4,False,True,False,True,False,,2025-Q3,True,0.3008130081300813,0.09005193153774152,0.005026176423745879,0.1726901932966838,False,45.121951219512205,49.58969929684748,0.09374845073630192,55.919648247588526,36.6,Medium,14.0,False,Low
SUP060,Gül İçecek San. ve Tic. A.Ş.,Gıda ve İçecek,Çorum,Large,1999.0,2508.0,3268018242,7997165307.54,531678948.15,133,10.0,1547.55,1724.31,1623.89,1587.37,128894,15033.0,2018-01-12,2024-11-15,45.0,True,0.13,0.48,False,False,False,False,False,True,2025-Q3,True,0.07518796992481203,0.046726990130333435,0.13499186057015647,0.11663071981628315,False,11.278195488721805,23.422385288639582,67.62710629413117,37.670253513142086,32.4,Medium,18.1,True,Low
SUP070,Bilgin Tekstil San. Tic. Ltd. Şti.,Tekstil,Manisa,Medium,1981.0,135.0,5788768743,258209836.78,31852815.23,62,9.0,975.73,980.53,1117.01,1024.12,71342,7579.0,2020-08-09,2025-12-11,,False,0.1,0.66,False,True,False,True,True,True,2025-Q3,False,0.14516129032258066,0.06394134401662588,0.008087344453371163,0.10623475652490819,False,21.7741935483871,33.819477332115625,0.24272302154809874,34.28598987364419,21.3,Low,20.5,False,Medium
SUP033,Akça Plastik San. Tic. Ltd. Şti.,Plastik ve Kauçuk,Konya,Medium,1981.0,163.0,3400504557,384995038.54,44246358.52,143,6.0,527.97,533.75,537.63,505.98,89446,667.0,2020-04-13,2026-08-20,90.0,True,0.07,0.33,False,True,True,,False,False,2025-Q3,True,0.04195804195804196,0.026859316580460948,0.011234031892464342,0.007457013169957292,False,6.293706293706294,11.422746385419153,0.468353273491624,2.130246739656777,5.5,Low,10.1,False,Low
SUP063,Aksu Eraslan Gıda Tic.,Gıda ve İçecek,Bursa,Small,2016.0,29.0,8016873396,,7742101.95,18,9.0,137.47,136.24,132.18,,1358,112.0,2024-10-11,2025-11-11,60.0,True,0.37,0.13,False,True,True,True,False,False,2025-Q3,True,0.5,0.020460893503253728,0.0019656989440542637,0.08247422680412371,True,75.0,7.558239235964207,0.014336012907428653,26.551074451619368,32.1,Medium,26.5,False,Medium
SUP051,İnönü Akçay Mobilya San. ve Tic. A.Ş.,Mobilya,Şanlıurfa,Medium,2005.0,99.0,6977468862,139323185.16,9940619.27,143,8.0,916.25,921.23,801.29,700.04,31170,7323.0,2021-03-04,2025-10-03,45.0,False,0.14,0.3,False,True,False,True,False,,2025-Q3,True,0.055944055944055944,0.12638597247342923,0.002523896601785832,0.23493743984600576,True,8.391608391608392,71.53466280898854,0.023636397119162333,76.18338785991547,32.3,Medium,14.4,False,Low
SUP010,Sezgin Mobilya Holding A.Ş.,Mobilya,Konya,Large,1998.0,547.0,1799118380,5335670572.32,165464453.46,229,10.0,2669.97,2607.32,2817.24,3016.81,606882,117143.0,2016-10-20,2026-04-22,60.0,True,0.13,0.37,False,True,,True,True,False,2025-Q3,True,0.043668122270742356,0.06551865957934826,0.042010981455086346,0.19302434410643254,False,6.550218340611353,34.77214132377961,6.549845766714746,62.53915288575832,22.0,Low,15.4,False,Low
SUP068,Demir Yüksel Kimyasal Ürünler San. ve Tic. A.Ş.,Kimya,Balıkesir,Large,1959.0,1439.0,1415747331,5934917818.18,181663120.83,262,26.0,1036.77,1165.45,957.24,1231.81,811585,54674.0,2025-07-01,2025-08-26,60.0,,0.08,0.06,True,True,False,True,True,False,2025-Q3,True,0.09923664122137404,0.11281536696710975,0.04612377970418397,0.06736694246443688,False,14.885496183206106,63.33831483874853,7.895056425682679,21.633104692648033,26.3,Low,44.1,False,High
SUP011,Şafak Otomotiv Ltd. Şti.,Otomotiv Yan Sanayi,Konya,Small,,27.0,5935348749,49436611.57,6982617.16,24,6.0,126.07,131.56,118.07,119.29,6146,797.0,,2026-03-06,30.0,True,0.21,0.23,False,,False,True,False,False,2025-Q3,True,0.25,0.05079507607631672,0.0017728677905290541,0.12967783924503742,False,37.5,25.879419941263954,0.01166061736881552,41.917564767073976,25.9,Low,17.6,False,Low
SUP026,İhsanoğlu Tarhan Yapı Ltd. Şti.,İnşaat Malzemeleri,Kocaeli,Micro,2021.0,2.0,3328120679,,9579568.85,23,3.0,133.17,127.7,120.48,126.25,5519,1164.0,,,90.0,False,0.23,0.33,False,True,False,True,False,False,2025-Q3,True,0.13043478260869565,0.04109613767696863,0.0024322268674000238,0.2109077731473093,True,19.565217391304348,20.021473954553155,0.021950334297620114,68.36085857635001,22.1,Low,21.5,False,Medium
SUP079,Şafak Nakliyat Tic.,Lojistik,İstanbul,Small,1994.0,11.0,5899642355,,9829631.64,42,16.0,148.18,118.99,,,6836,955.0,2018-05-05,,45.0,False,0.11,0.52,False,True,False,True,,False,2025-Q3,True,0.38095238095238093,0.15451171121634413,0.002495717139864114,0.13970157987126974,True,57.14285714285714,88.52199189682037,0.02311145833910403,45.18065640969841,48.9,High,17.7,False,Low
SUP064,Tevetoğlu Şafak Mobilya Tic.,Mobilya,Ankara,Small,2009.0,,8849912163,,13708610.07,45,11.0,184.53,204.12,191.4,197.95,11569,1201.0,2025-09-01,2026-07-19,60.0,False,0.13,1.1,False,True,False,True,False,False,2025-Q3,True,0.24444444444444444,0.04336863782470128,0.0034805793714781353,0.10381191114184458,False,36.66666666666667,21.394014182368696,0.04495450842832104,33.4972657021352,23.2,Low,33.6,True,High
SUP069,Şama Yıldırım Gıda San. Tic. Ltd. Şti.,Gıda ve İçecek,Manisa,Medium,2001.0,217.0,8734540595,315353859.35,5812009.92,54,8.0,930.9,818.57,782.92,819.6,97031,2919.0,2020-07-07,2024-10-29,45.0,False,0.11,0.76,False,True,False,False,False,True,2025-Q3,False,0.14814814814814814,0.07665884231194595,0.0014756537483437435,0.030083169296410424,False,22.22222222222222,41.50056726512098,0.008077502453041906,9.495882355539228,19.6,Low,23.7,False,Medium
SUP006,Tevetoğlu Otomotiv Tic.,Otomotiv Yan Sanayi,Eskişehir,Small,2008.0,38.0,9713315090,21555231.8,3056851.87,52,22.0,309.93,361.42,317.21,360.56,9445,1163.0,2020-08-25,,45.0,False,0.15,0.63,False,True,False,True,True,False,2025-Q3,True,0.4230769230769231,0.08165628681900738,0.0007761265005027868,0.12313393329804129,False,63.46153846153847,44.51891409738028,0.0022318054221140515,39.78728570240214,39.3,High,23.3,False,Medium
SUP058,Yorulmaz Çelik San. ve Tic. A.Ş.,Metal ve Çelik,Denizli,Medium,1976.0,,3786814479,129146791.58,4010689.95,75,21.0,1139.37,1296.79,1087.73,1025.31,62589,4648.0,2021-12-03,2025-03-14,,False,0.13,0.41,False,True,False,False,True,False,2025-Q3,True,0.28,0.10208724038022964,0.0010183034336875463,0.07426225055520938,False,42.00000000000001,56.85876176840799,0.0038445475940494943,23.877777918273736,32.5,Medium,16.4,False,Low
SUP071,Demirel Makine İmalat Tic.,Makine İmalat,Eskişehir,Small,1991.0,21.0,3752046371,26757916.22,5409631.37,46,27.0,,100.81,88.02,73.9,10641,942.0,2016-10-24,2024-11-04,60.0,False,0.32,0.2,False,True,False,True,False,,2025-Q3,False,0.5869565217391305,0.1536993496674215,0.0013734909124687798,0.08852551451931209,True,88.04347826086958,88.03134334547073,0.0069972802437617875,28.520988389622875,57.1,High,24.7,False,Medium
SUP027,Şener Aksu Makine Ltd. Şti.,Makine İmalat,Aydın,Small,1994.0,14.0,1249947179,16406178.41,1343005.09,29,6.0,365.35,387.69,377.7,419.43,12030,2204.0,2017-11-27,2025-12-27,60.0,False,0.12,0.77,False,True,False,True,False,False,2025-Q3,True,0.20689655172413793,0.05970655961176259,0.00034098539444736987,0.1832086450540316,False,31.03448275862069,31.261760467894504,0.00042782238544866274,59.343786331621416,27.6,Low,24.7,False,Medium
SUP054,Akar Manço Oto Yedek Parça San. Tic. Ltd. Şti.,Otomotiv Yan Sanayi,Gaziantep,Medium,,,2888880672,637065138.54,8844047.33,56,18.0,1193.76,1032.42,1112.21,1111.42,124821,20342.0,2025-04-30,2025-12-27,30.0,False,0.13,0.61,False,True,False,True,False,True,2025-Q3,True,0.32142857142857145,0.059213028885616976,0.0022454799239303392,0.1629693721409058,False,48.21428571428572,30.96367873796647,0.01870848994171382,52.75516789482937,32.5,Medium,21.4,True,Medium
SUP056,Hayrioğlu Soylu Nakliyat Grup A.Ş.,Lojistik,Denizli,Large,1961.0,2282.0,8584161691,5528303491.61,146602181.42,329,79.0,273.33,,283.15,316.71,360269,329.0,2016-09-13,2025-12-19,45.0,True,0.13,0.44,False,True,False,True,False,,2025-Q3,True,0.24012158054711247,0.07815105309285435,0.03722190111605874,0.0009132065206831562,True,36.018237082066875,42.40182983587166,5.141649330743904,0.0,24.5,Low,17.1,True,Low
SUP014,Ergül Kimyasal Ürünler Ltd. Şti.,Kimya,Mersin,Small,2007.0,30.0,7981693409,67733356.47,7957101.17,14,7.0,109.05,124.43,117.33,119.98,13100,1029.0,2023-02-26,2024-11-24,90.0,True,0.25,0.44,False,True,False,False,False,False,2025-Q3,True,0.5,0.05494252768799689,0.0020202866700304747,0.07854961832061069,False,75.0,28.384389714590082,0.015143501492415138,25.273471845900524,37.1,Medium,25.7,False,Medium
SUP055,Aksu Duran Kimya Grup A.Ş.,Kimya,Sakarya,Large,1961.0,802.0,2704303056,3413617452.14,242644273.49,101,3.0,4244.91,,4489.42,3909.36,502380,51154.0,2023-01-20,2026-04-25,60.0,True,0.03,0.3,False,True,False,True,True,True,2025-Q3,True,0.0297029702970297,0.06909809262987181,0.06160673099636811,0.1018233209920777,True,4.455445544554455,36.93404034918468,14.08516302639,32.84990738149712,19.2,Low,6.5,False,Low
SUP024,Arsoy Yapı Ltd. Şti.,İnşaat Malzemeleri,Kocaeli,Small,2002.0,47.0,9941343523,73256944.8,6145165.65,58,29.0,152.6,136.16,155.24,148.13,8217,1480.0,2022-11-24,2025-01-14,60.0,True,0.18,0.38,False,False,False,False,False,False,2025-Q3,True,0.5,0.05702452092286219,0.0015602410956682808,0.18011439698186685,False,75.0,29.641867946986945,0.009030513186845947,58.33649619902721,42.4,High,19.2,True,Low
SUP015,Eraslan Sezgin Nakliyat San. ve Tic. A.Ş.,Lojistik,Sakarya,Large,1976.0,2973.0,7299468043,7642121401.8,646530561.14,192,8.0,2229.79,,2118.1,2346.24,520187,11588.0,2022-07-18,,60.0,True,0.09,0.28,False,True,False,True,False,,2025-Q3,True,0.041666666666666664,0.051124616300156966,0.16415237742144542,0.022276604374965158,True,6.25,26.078455005950463,100.0,6.954561934088148,34.8,Medium,10.3,False,Low
SUP075,Soylu San. ve Tic. A.Ş.,İnşaat Malzemeleri,İzmir,Large,1962.0,712.0,1690331198,2558831511.76,11720102.46,388,152.0,4009.84,3991.02,3510.54,3274.66,201558,23610.0,2021-06-06,,30.0,True,0.13,0.3,False,True,False,True,False,False,2025-Q3,True,0.3917525773195876,0.09846692740736135,0.0029757026165006494,0.11713749888369601,False,58.76288659793815,54.67217216686186,0.03285762408712754,37.83522850613066,39.9,High,13.6,False,Low
SUP084,Akar Oto Yedek Parça Tic.,Otomotiv Yan Sanayi,Adana,Small,2009.0,15.0,5311426261,95937255.72,11911654.55,34,3.0,317.9,353.49,321.55,306.89,9987,740.0,2020-12-03,2025-02-05,,False,0.15,0.31,False,False,False,True,,False,2025-Q3,True,0.08823529411764706,0.06159668770474711,0.0030243371789845995,0.07409632522278962,False,13.235294117647062,32.40335636434976,0.033940565111512284,23.823763196055005,16.3,Low,15.3,False,Low
SUP017,Kısakürek Mobilya San. ve Tic. A.Ş.,Mobilya,Bursa,Medium,1982.0,166.0,3788957982,544939452.11,25491815.86,59,27.0,865.85,765.26,788.91,755.23,111512,7359.0,2018-10-25,2026-08-27,90.0,False,0.18,0.21,False,False,False,True,True,,2025-Q3,True,0.4576271186440678,0.0630597297687622,0.006472303754412293,0.06599289762536767,False,68.64406779661017,33.28700167009397,0.15545803731060837,21.18580319132784,35.6,Medium,15.0,False,Low
SUP001,Korutürk Aslan İplik San. Tic. Ltd. Şti.,Tekstil,Trabzon,Medium,2009.0,157.0,4794026545,225584135.67,5183674.3,146,28.0,320.52,305.83,346.43,269.18,52403,5123.0,2018-08-02,2024-09-29,45.0,True,0.03,0.28,False,,,False,True,True,2025-Q3,True,0.1917808219178082,0.1038735503986427,0.0013161210177335915,0.09776157853558003,False,28.767123287671232,57.937653825716794,0.006424643333908051,31.52766268677658,29.3,Low,6.0,False,Low
SUP076,Yaman Gül İplik San. ve Tic. A.Ş.,Tekstil,Diyarbakır,Medium,1995.0,110.0,5283664089,495066530.34,41614004.77,76,16.0,116.81,115.04,117.68,98.26,107332,12022.0,2020-05-03,2025-11-02,45.0,False,0.05,0.36,False,True,False,True,False,False,2025-Q3,False,0.21052631578947367,0.0820998885229611,0.010565684327401306,0.11200760257891403,False,31.57894736842105,44.78683979340784,0.4142829619028362,36.16526093775036,27.8,Low,9.4,False,Low
SUP009,Bilge Ambalaj San. ve Tic. A.Ş.,Ambalaj,Adana,Medium,2005.0,178.0,9208121918,757454785.67,90637878.55,80,6.0,770.44,871.21,681.71,823.37,60219,7371.0,2021-06-04,2026-05-31,45.0,False,0.1,0.21,False,True,False,True,True,False,2025-Q3,True,0.075,0.10320155000141097,0.02301271454544119,0.12240322821700791,False,11.25,57.53178033029421,1.9653529317088858,39.54941465884148,24.7,Low,9.2,False,Low
SUP035,Çamurcuoğlu Şensoy Yapı Tic.,İnşaat Malzemeleri,Ankara,Micro,2007.0,6.0,4394210472,5933265.58,1538385.88,19,1.0,57.9,52.37,53.28,60.03,1080,150.0,2023-06-04,,30.0,False,0.21,1.24,False,False,False,False,False,False,2025-Q3,True,0.05263157894736842,0.06563883466678984,0.00039059205360425265,0.1388888888888889,False,7.894736842105263,34.84472443980685,0.0005625032671662729,44.91609597746783,18.2,Low,42.9,False,High
SUP037,Durmuş Duran Plastik Ltd. Şti.,Plastik ve Kauçuk,Bursa,Small,2004.0,36.0,2200471139,44292294.93,8509696.46,64,22.0,109.92,111.15,110.63,96.36,12333,680.0,2020-11-20,2026-04-11,45.0,False,0.12,0.44,False,True,False,True,False,False,2025-Q3,True,0.34375,0.06654394936642558,0.0021605891337615757,0.05513662531419768,False,51.5625,35.39139385907036,0.017320400222411752,17.65169224716336,29.5,Low,16.4,False,Low
SUP057,İhsanoglu Arsoy Oto Yedek Parca Tic.,Otomotiv Yan Sanayi,Şanlıurfa,Small,1988.0,14.0,7582029704,50132418.68,10143727.06,30,8.0,147.87,135.85,135.18,126.26,12196,1717.0,2017-01-09,2024-12-05,45.0,True,0.23,0.41,False,True,False,True,False,False,2025-Q3,True,0.26666666666666666,0.06509453474863808,0.0025754651255421226,0.14078386356182354,True,40.0,34.51597923184488,0.024612299058723447,45.53297906022196,29.5,Low,23.5,False,Medium
SUP023,Karadeniz Demir Çelik Tic.,Metal ve Çelik,Van,Small,2000.0,40.0,8701436349,81804912.11,9019285.46,22,8.0,111.13,92.1,102.2,104.35,7501,1062.0,2024-05-28,,60.0,False,0.18,0.78,False,True,False,False,False,True,2025-Q3,True,0.36363636363636365,0.07688919443733545,0.002289972415675303,0.14158112251699773,True,54.545454545454554,41.63969489465067,0.019457371262239863,45.79251580709549,36.4,Medium,29.2,False,High
SUP049,Şafak Çelik San. Tic. Ltd. Şti.,Metal ve Çelik,Adana,Medium,1984.0,139.0,5629148653,797018309.72,91722594.22,90,16.0,477.88,392.09,439.95,501.75,48333,10255.0,2018-08-04,2025-04-25,45.0,,0.14,0.55,False,False,False,True,False,False,2025-Q3,True,0.17777777777777778,0.10570229680657803,0.023288120948106568,0.21217387706122112,False,26.66666666666667,59.042176531191096,2.0126755235083924,68.7730213860468,34.9,Medium,20.6,False,Medium
SUP044,Kısakürek Tevetoğlu Çelik Tic.,Metal ve Çelik,Sakarya,Small,2002.0,23.0,9156149784,94726668.16,14615318.64,32,3.0,136.16,159.37,130.27,163.9,12874,2619.0,2017-10-09,2025-07-05,60.0,True,0.14,0.38,False,False,False,False,False,False,2025-Q3,True,0.09375,0.11318535329480811,0.003710790248333606,0.20343327637098027,False,14.0625,63.56177846272868,0.0510983939091775,65.92763839706551,30.7,Low,16.4,False,Low
SUP002,Yaman Korutürk Oto Yedek Parça San. Tic. Ltd. Şti.,Otomotiv Yan Sanayi,Kocaeli,Medium,1989.0,247.0,5131647525,862744929.71,85027761.74,55,19.0,,170.99,168.03,149.3,51495,2762.0,2020-11-09,2025-03-02,60.0,,0.04,0.31,False,True,False,True,False,False,2025-Q3,True,0.34545454545454546,0.0722583714550722,0.021588320916855856,0.05363627536654044,True,51.81818181818182,38.842779419247655,1.7295872300425026,17.16327384551398,30.9,Low,7.5,False,Low
SUP046,Gül Çelik Ltd. Şti.,Metal ve Çelik,Manisa,Micro,2002.0,9.0,2883452317,9237812.64,709209.23,9,4.0,189.6,,185.59,167.58,3884,802.0,2016-11-20,2026-02-20,45.0,False,0.25,0.32,False,False,False,True,False,False,2025-Q3,False,0.4444444444444444,0.06482479272936892,0.00018006632352917252,0.20648815653964986,True,66.66666666666666,34.35306097067402,0.00011665504312741712,66.92211284720415,42.0,High,22.7,False,Medium
SUP031,Alemdar Türk Mobilya Tic.,Mobilya,İstanbul,Small,2015.0,32.0,6886753392,87762424.1,7628297.28,41,8.0,349.21,322.81,333.96,298.47,12961,942.0,2017-08-23,,90.0,,0.12,0.5,False,False,False,False,False,False,2025-Q3,True,0.1951219512195122,0.06553100130817907,0.001936804243223381,0.07267957719311781,True,29.268292682926834,34.77959545720089,0.013917540207874638,23.362560255185972,22.4,Low,17.9,False,Low
SUP080,Seven Ambalaj San. ve Tic. A.Ş.,Ambalaj,Konya,Medium,1978.0,184.0,1100623127,403807855.63,49404704.15,119,11.0,1033.42,1066.14,1197.75,1224.73,97658,6736.0,2022-09-20,2025-08-05,30.0,True,0.1,0.34,False,True,False,True,False,False,2025-Q3,True,0.09243697478991597,0.08386757636791572,0.012543722028740307,0.06897540396076102,False,13.865546218487395,45.854484466540875,0.5839232558092229,22.156717330070325,19.8,Low,12.5,False,Low
SUP061,Erdoğan Elektronik Grup A.Ş.,Elektronik,Eskişehir,Large,1989.0,2728.0,6900109439,6921535943.09,195468699.03,300,55.0,4560.35,4610.94,4421.95,,640883,69246.0,2024-12-16,,90.0,True,0.07,0.04,False,True,,,False,False,2025-Q3,True,0.18333333333333332,0.02159217138112921,0.04962897902409199,0.1080478027970784,True,27.500000000000004,8.24150625258953,9.140630832178736,34.876202286256635,19.2,Low,2.9,False,Low
SUP047,Akgündüz İçecek Tic.,Gıda ve İçecek,Ankara,Micro,2015.0,8.0,5490581475,7842056.85,1541626.51,28,5.0,37.73,36.78,35.6,39.22,778,122.0,2018-08-22,2026-02-21,90.0,True,0.11,0.32,False,True,False,True,False,,2025-Q3,True,0.17857142857142858,0.04099698825735323,0.0003914148408796218,0.15681233933161953,False,26.785714285714292,19.961589880564215,0.0005648910994000887,50.750830087966335,22.0,Low,12.7,False,Low
SUP067,Akçay İnşaat Malzemeleri Tic.,İnşaat Malzemeleri,Tekirdağ,Small,2014.0,44.0,6854973341,79747507.16,20858460.36,57,6.0,205.1,197.47,177.42,199.34,3660,410.0,2023-01-17,,60.0,False,0.13,0.62,False,True,True,,True,False,2025-Q3,True,0.10526315789473684,0.06186809711083844,0.005295907205697507,0.11202185792349727,False,15.789473684210526,32.56728169057671,0.10408090631302475,36.1699015701756,19.1,Low,21.6,True,Medium
SUP038,Zengin Makine İmalat Ltd. Şti.,Makine İmalat,Bursa,Small,2008.0,16.0,6850643170,76804211.33,4388140.61,47,19.0,182.45,201.17,190.11,177.33,8455,934.0,2021-02-28,2026-04-13,30.0,False,0.12,0.38,False,False,False,True,False,True,2025-Q3,True,0.40425531914893614,0.05520470655121822,0.0011141371450731972,0.11046717918391484,False,60.63829787234043,28.54273999545289,0.004602952105400752,35.66379717349747,33.7,Medium,14.9,True,Low
SUP043,Tarhan Şafak Elektrik Tic.,Elektronik,Kayseri,Small,1985.0,21.0,3961201837,79068927.87,12177413.61,36,9.0,242.0,218.62,217.93,215.61,14828,951.0,2019-06-01,2026-05-18,90.0,False,0.18,0.65,False,True,True,True,False,False,2025-Q3,True,0.25,0.055353985465744195,0.0030918126923514637,0.06413541947666576,False,37.5,28.632901184465776,0.035472110874936714,20.581126589109637,23.4,Low,26.0,False,Medium
SUP082,Gülen Gül Çelik Tic.,Metal ve Çelik,İzmir,Small,1985.0,20.0,2765918039,99120972.85,8370598.79,33,8.0,261.01,210.98,264.29,,7623,735.0,2018-05-14,,45.0,False,0.12,0.28,True,True,False,True,False,,2025-Q3,True,0.24242424242424243,0.12173385388858429,0.002125272607990508,0.09641873278236915,True,36.36363636363637,68.72488525687761,0.016758677757891596,31.090517621074383,34.6,Medium,52.4,False,High
SUP032,Aslan Erdoğan İplik San. ve Tic. A.Ş.,Tekstil,İstanbul,Medium,1981.0,184.0,8026217457,922087151.04,58551545.02,85,6.0,547.56,516.74,525.77,572.05,116263,9663.0,2022-01-22,2025-07-18,90.0,False,0.34,0.2,False,False,False,True,True,True,2025-Q3,True,0.07058823529411765,0.04565196593085476,0.014866080421294335,0.0831132862561606,False,10.588235294117647,22.77309425949186,0.8201563886632587,26.759111514312757,13.6,Low,26.1,False,Medium
SUP048,Şensoy Şama Kimya Tic.,Kimya,Ankara,Small,1994.0,13.0,8151820371,86976403.43,12835254.03,14,2.0,365.17,367.41,365.34,359.68,11876,629.0,2021-03-25,2026-04-29,90.0,False,0.12,0.37,False,True,False,True,False,False,2025-Q3,True,0.14285714285714285,0.009076056873185313,0.0032588366126384103,0.05296396092960593,False,21.428571428571427,0.6820477085543566,0.03940854026575166,16.944411077393717,10.2,Low,14.7,False,Low
SUP021,Akdeniz Bilgin Otomotiv Tic.,Otomotiv Yan Sanayi,Manisa,Small,,22.0,2931491901,33061932.69,3894763.17,45,6.0,227.91,225.94,190.84,168.18,3764,752.0,2021-08-13,2024-11-10,60.0,False,0.25,0.53,False,True,False,True,False,False,2025-Q3,True,0.13333333333333333,0.14224707662453775,0.0009888699348127852,0.1997874601487779,False,20.0,81.11442170435727,0.003625301209993876,64.74079279831972,37.0,Medium,28.0,False,Medium
SUP036,Eraslan Yaman Oto Yedek Parça San. ve Tic. A.Ş.,Otomotiv Yan Sanayi,Denizli,Medium,,169.0,2236851603,258076063.4,9579568.85,88,3.0,951.73,801.23,878.05,922.3,58742,6910.0,2024-07-01,,60.0,False,0.13,0.38,False,True,False,True,False,False,2025-Q3,True,0.03409090909090909,0.07371934108580491,0.0024322268674000238,0.11763303939259814,True,5.113636363636363,39.72517302076103,0.021950334297620114,37.99654494013222,17.4,Low,15.6,False,Low
SUP072,Erdoğan Akçay Makine İmalat Ltd. Şti.,Makine İmalat,Ankara,Small,2008.0,49.0,4327279560,42359688.15,3347539.31,47,3.0,114.18,126.88,119.27,104.26,704,97.0,2017-09-10,2025-03-06,90.0,,0.31,0.08,False,True,,True,False,False,2025-Q3,True,0.06382978723404255,0.08169737412862278,0.0008499312627686514,0.1377840909090909,False,9.574468085106384,44.54372993088248,0.002677180608184034,44.55644410806165,21.2,Low,21.0,False,Medium
SUP074,Yüksel Ambalaj Tic.,Ambalaj,Sakarya,Micro,2005.0,3.0,7567661829,4261512.74,1413010.59,26,10.0,151.27,136.13,146.77,148.73,2479,303.0,2017-11-24,2025-10-14,60.0,False,0.09,0.54,False,True,True,False,False,False,2025-Q3,True,0.38461538461538464,0.04567955610423675,0.0003587596033530006,0.12222670431625655,False,57.6923076923077,22.78975811885265,0.0004739791910516265,39.49194971768391,31.8,Low,16.8,False,Low
SUP005,Bilir Kimya Ltd. Şti.,Kimya,Manisa,Small,2018.0,10.0,6701543031,95843433.48,23248878.31,35,8.0,183.15,216.43,219.83,179.81,3355,352.0,2017-03-14,2024-11-21,30.0,True,0.23,0.07,False,True,True,True,False,False,2025-Q3,True,0.22857142857142856,0.10634948674483746,0.005902827919285288,0.10491803278688525,False,34.285714285714285,59.43306505376603,0.1293044786541384,33.857348472654266,32.0,Medium,15.0,False,Low
SUP020,Ülker Bilgin Kauçuk Tic.,Plastik ve Kauçuk,Kocaeli,Small,1986.0,44.0,1531003305,22212953.85,3231549.48,11,5.0,247.11,257.97,246.06,223.16,1904,184.0,2017-11-16,,45.0,False,0.13,0.5,True,True,False,True,False,False,2025-Q3,True,0.45454545454545453,0.06008930693123521,0.0008204817556678009,0.09663865546218488,False,68.18181818181819,31.492931450914636,0.00249461979635888,31.162110441089318,36.4,Medium,58.6,True,High
SUP018,Arslan İcecek Ltd. Şti.,Gıda ve İçecek,Konya,Small,1990.0,18.0,3366316656,33327239.36,2555633.79,52,21.0,188.14,250.78,225.14,225.09,13884,1125.0,2018-01-12,2025-11-12,90.0,False,0.12,0.17,False,True,False,True,False,True,2025-Q3,False,0.40384615384615385,0.11597709177973489,0.0006488685727514084,0.081028522039758,False,60.57692307692308,65.24792725348934,0.0015588227661980471,26.08044504188002,41.4,High,9.7,False,Low
SUP066,Hançer Gülen Demir Çelik Ltd. Şti.,Metal ve Çelik,Adana,Micro,,3.0,9962309131,6045170.35,1842099.16,24,8.0,201.6,180.29,209.53,203.01,1123,22.0,2020-02-11,2026-03-17,30.0,False,0.21,0.63,False,True,True,True,False,,2025-Q3,True,0.3333333333333333,0.06389887365283714,0.0004677040417499599,0.019590382902938557,False,50.0,33.793826164238624,0.0008081238170115426,6.080099279630679,26.9,Low,27.6,False,Medium
SUP083,Bilge Sakarya Mobilya San. ve Tic. A.Ş.,Mobilya,Gaziantep,Medium,1985.0,,4968562187,166913253.93,21243255.11,102,18.0,102.16,95.99,,94.45,43455,10736.0,2022-06-19,2026-05-24,60.0,True,0.06,0.38,False,True,True,False,False,False,2025-Q3,True,0.17647058823529413,0.04183315070425603,0.005393605561859379,0.24706017719479922,True,26.470588235294123,20.466613652073242,0.10795661234416912,80.1297791726611,26.4,Low,10.6,True,Low
SUP022,Aslan Oto Yedek Parça San. ve Tic. A.Ş.,Otomotiv Yan Sanayi,Aydın,Medium,2012.0,118.0,6314737996,864618064.3,113147433.5,99,28.0,417.25,410.79,411.2,410.24,83164,363.0,2018-05-30,,90.0,True,0.07,0.48,True,,False,False,False,False,2025-Q3,True,0.2828282828282828,0.007946797790617435,0.028727830244265902,0.00436486941465057,False,42.42424242424242,0.0,3.0627446692285294,1.123641638630012,15.8,Low,53.9,False,High
SUP045,Eraslan Mobilya Tic.,Mobilya,Kahramanmaraş,Small,1987.0,37.0,1715969661,95079167.85,22154178.21,15,2.0,90.76,90.96,94.87,111.42,558,20.0,2024-08-27,,60.0,True,0.08,0.29,False,True,,True,False,False,2025-Q3,True,0.13333333333333333,0.10098842568995371,0.005624886496591146,0.035842293906810034,False,20.0,56.195101804810996,0.1174139230815028,11.370686591379805,22.8,Low,9.8,False,Low
SUP019,Akar İnşaat Malzemeleri Ltd. Şti.,İnşaat Malzemeleri,İzmir,Small,2012.0,41.0,1656272985,72597068.78,13646682.35,32,8.0,247.76,,259.74,,12415,2056.0,2022-11-05,2025-12-02,30.0,False,0.19,0.38,False,,True,,False,False,2025-Q3,True,0.25,0.03338379995513242,0.003464856089274174,0.16560612162706403,True,37.5,15.363391188626382,0.04454923479371959,53.613525621031954,25.0,Low,19.9,True,Low
SUP030,Hayrioğlu Karadeniz Lojistik Ltd. Şti.,Lojistik,Denizli,Small,2014.0,17.0,3748467739,72842502.62,3900357.41,15,5.0,171.11,222.79,250.6,235.01,5264,77.0,2020-06-05,2026-02-23,90.0,False,0.14,0.23,False,True,False,True,False,False,2025-Q4,True,0.3333333333333333,0.1566607401696249,0.0010091893942226436,0.014627659574468085,False,51.11111111111111,81.95935822524069,0.0036569392569225888,0.8100451912721388,38.5,High,15.2,True,Low
SUP024,Arsoy Yapı Ltd. Şti.,İnşaat Malzemeleri,Kocaeli,Small,2002.0,47.0,9941343523,73256944.8,5943152.5,54,23.0,143.52,130.9,162.9,154.36,7696,1613.0,2022-11-24,2025-01-14,60.0,True,0.13,0.5,False,False,False,False,False,False,2025-Q4,True,0.42592592592592593,0.09358668580047025,0.0015377479140425208,0.20958939708939708,False,65.30864197530865,47.04293529004158,0.008495369468961666,12.430687616734543,36.5,High,21.7,False,Low
SUP083,Bilge Sakarya Mobilya San. ve Tic. A.Ş.,Mobilya,Gaziantep,Medium,1985.0,194.0,4968562187,166913253.93,19734339.64,99,20.0,101.96,99.62,122.73,92.65,41600,11443.0,2022-06-19,2026-05-24,,True,0.05,0.47,False,True,True,,False,False,2025-Q4,True,0.20202020202020202,0.12418851714635239,0.005106118279215725,0.2750721153846154,False,30.976430976430976,63.983442707097524,0.09370407148680229,16.333767595685533,29.3,Low,14.0,False,Low
SUP007,Akar Demirel Makine İmalat Ltd. Şti.,Makine İmalat,Balıkesir,Micro,2013.0,4.0,2165667019,9101490.12,3158584.0,24,14.0,54.58,51.78,49.54,49.8,534,47.0,2017-02-21,2025-11-19,30.0,False,0.21,0.35,True,False,True,False,False,False,2025-Q4,True,0.5833333333333334,0.04529089404625644,0.0008172608657321316,0.08801498127340825,False,89.44444444444444,20.307436712276182,0.0023970263306625785,5.1842769502625865,37.2,High,64.5,False,High
SUP071,Demirel Makine İmalat Tic.,Makine İmalat,Eskişehir,Small,1991.0,21.0,3753046371,26757916.22,5870382.43,46,30.0,101.31,95.34,94.56,68.05,9771,1036.0,2016-10-24,2024-11-04,60.0,False,0.31,0.15,False,True,False,False,False,False,2025-Q4,True,0.6521739130434783,0.1650050565008987,0.0015189191824312711,0.10602804216559206,False,100.0,86.57859003207261,0.008288516215724153,6.257940645940925,57.6,High,27.6,False,Medium
SUP012,Manco Bilir Kimya Ltd. Şti.,Kimya,Adana,Small,1994.0,37.0,3045053310,21773769.46,4870864.67,14,4.0,142.09,141.01,164.16,,572,207.0,2022-06-25,2025-04-13,60.0,False,0.15,0.31,False,True,False,True,False,False,2025-Q4,True,0.2857142857142857,0.08763395271477166,0.0012603011593385685,0.3618881118881119,True,43.8095238095238,43.7476318864562,0.00570521578725416,21.508411938912495,29.5,Low,18.2,False,Low
SUP026,İhsanoglu Tarhan Yapi Ltd. Şti.,İnşaat Malzemeleri,Kocaeli,Micro,2021.0,2.0,3328120679,2644027.8,531106.58,25,3.0,129.26,132.11,125.86,126.0,5664,972.0,2021-03-26,,90.0,False,0.16,0.29,False,True,False,True,False,False,2025-Q4,True,0.12,0.023242829230947403,0.0001374200031934663,0.1716101694915254,True,18.4,8.102108171187645,6.432770736572172e-05,10.166945873684451,10.0,Low,18.5,False,Low
SUP060,Gül İçecek San. ve Tic. A.Ş.,Gıda ve İçecek,Çorum,Large,1999.0,2508.0,3268018242,7997165307.54,568681871.89,140,11.0,1495.8,1714.57,1626.6,,128950,16256.0,2018-01-12,,45.0,True,0.22,0.51,False,False,False,,,True,2025-Q4,True,0.07857142857142857,0.06827510249492694,0.14714233939860094,0.12606436603334625,True,12.047619047619047,33.03099398239545,77.81591740692706,7.452200392267305,33.0,Medium,29.7,False,Medium
SUP062,Ülker Kauçuk Ltd. Şti.,Plastik ve Kauçuk,Adana,Micro,2010.0,6.0,6625881534,,442075.1,20,8.0,131.18,134.53,122.03,121.91,2442,222.0,2018-10-31,2024-12-18,90.0,False,0.14,0.56,False,True,False,True,,False,2025-Q4,True,0.4,0.050479629305023685,0.00011438374883954919,0.09090909090909091,False,61.33333333333334,23.17980755645163,4.347957235707455e-05,5.356779584087227,28.1,Low,24.2,True,Low
SUP046,Gül Çelik Ltd. Şti.,Metal ve Çelik,Manisa,Micro,2002.0,9.0,2883552317,9237812.64,776700.8,9,5.0,198.67,158.66,190.47,,3797,985.0,2016-11-20,2026-02-20,45.0,False,0.22,0.33,True,False,False,True,,False,2025-Q4,True,0.5555555555555556,0.11574019470276076,0.00020096573914856757,0.2594153278904398,True,85.18518518518519,59.30663538142736,0.00014161206801199236,15.40054894816843,47.0,High,64.8,False,High
SUP075,Soylu San. ve Tic. A.Ş.,İnşaat Malzemeleri,İzmir,Large,1962.0,712.0,1690331198,2558831511.76,10612202.81,424,157.0,4183.04,4155.43,3769.61,3253.1,199975,24635.0,2021-06-06,2026-02-11,30.0,True,0.14,0.22,False,True,False,True,False,False,2025-Q4,True,0.37028301886792453,0.11316310271058369,0.0027458310609518566,0.12319039879984998,False,56.77672955974843,57.880013375885675,0.027094676029467593,7.280898340958913,35.4,Medium,14.9,True,Low
SUP061,Erdoğan Elektronik Grup A.Ş.,Elektronik,Eskişehir,Large,,2728.0,6900106439,6921535943.09,177595371.17,328,9.0,4548.31,4506.77,4223.01,5093.41,584852,64725.0,2024-12-16,2026-06-05,90.0,True,0.06,0.05,False,True,True,True,,False,2025-Q4,False,0.027439024390243903,0.0791781383620711,0.045951523465075944,0.11066902395819797,True,4.207317073170732,39.06667720305463,7.589143671789683,6.534565129300512,14.1,Low,3.4,False,Low
SUP032,Aslan Erdoğan İplik San. ve Tic. A.Ş.,Tekstil,İstanbul,Medium,1981.0,184.0,8026217457,,61169544.06,77,7.0,583.21,544.46,539.99,539.94,106731,9720.0,2022-01-22,,90.0,False,0.26,0.17,False,False,False,True,True,True,2025-Q4,True,0.09090909090909091,0.0380152585928028,0.01582717905710767,0.09107007336200354,False,13.939393939393941,16.27980336674401,0.9003232594055215,5.366374900306278,10.0,Low,23.8,False,Low
SUP042,Demir Manço Oto Yedek Parça Ltd. Şti.,Otomotiv Yan Sanayi,Manisa,Small,2004.0,32.0,2983273157,77013007.23,8959073.88,16,3.0,182.03,,198.51,248.94,2410,187.0,2017-06-29,2026-07-10,60.0,True,0.13,0.23,False,,False,True,False,False,2025-Q4,True,0.1875,0.166141752195124,0.0023180958541317654,0.07759336099585062,True,28.749999999999996,87.20784001457571,0.019309730536921327,4.563099050008328,32.6,Medium,14.3,False,Low
SUP065,Duran Demir Çelik Ltd. Şti.,Metal ve Çelik,Tekirdağ,Small,2005.0,20.0,7949588879,55821026.46,6497369.75,47,14.0,81.9,80.94,65.14,76.47,2911,469.0,2020-04-18,2026-09-01,60.0,False,0.13,0.41,True,False,False,True,False,False,2025-Q4,True,0.2978723404255319,0.10101049569605225,0.0016811476366836416,0.16111301958090005,False,45.673758865248224,51.15259477994146,0.010154376950320405,9.54126604977279,30.2,Medium,59.2,False,High
SUP078,Sakarya Ambalaj Tic.,Ambalaj,Denizli,Micro,2009.0,1.0,4317393637,8379359.71,570146.91,17,8.0,113.11,,106.77,105.38,947,62.0,2023-08-14,2025-02-04,60.0,False,0.13,0.48,False,True,True,False,False,False,2025-Q4,True,0.47058823529411764,0.03800674865809253,0.0001475214074601466,0.06546990496304118,True,72.15686274509804,16.275092452209233,7.467270679132964e-05,3.840483682942749,29.9,Low,21.2,False,Low
SUP081,Gül Yorulmaz Konfeksiyon Ltd. Şti.,Tekstil,Samsun,Small,2012.0,21.0,2182339848,65486742.5,10580420.79,44,2.0,231.46,238.01,251.4,249.12,10952,897.0,2024-08-20,,60.0,False,0.16,0.38,False,False,False,False,False,False,2025-Q4,True,0.045454545454545456,0.03876299923728619,0.002737607692132184,0.08190284879474069,False,6.969696969696971,16.693736303983382,0.026932608536338984,4.819964922184707,7.3,Low,21.0,False,Low
SUP051,İnönü Akçay Mobilya San. ve Tic. A.Ş.,Mobilya,Şanlıurfa,Medium,2005.0,99.0,6977468862,139323185.16,9279358.96,139,40.0,908.27,854.0,852.35,665.6,31257,8964.0,2021-03-04,2025-10-03,45.0,False,0.18,0.31,True,True,False,True,False,True,2025-Q4,True,0.28776978417266186,0.12949995563494765,0.0024009673122794306,0.28678376043766196,False,44.12470023980815,66.92373938719776,0.020715305198861222,17.031837079011552,34.7,Medium,60.8,False,High
SUP052,Sakarya Gida San. ve Tic. A.Ş.,Gıda ve İçecek,İstanbul,Medium,2003.0,139.0,1606853619,886705250.55,71479916.81,54,25.0,779.2,800.18,751.11,832.74,19273,959.0,2025-04-30,2026-08-19,60.0,True,0.09,0.35,False,True,False,True,False,True,2025-Q4,True,0.46296296296296297,0.04354101535851343,0.018494913763446325,0.04975872982929487,False,70.98765432098766,19.338741977846585,1.2294093670130264,2.904023274658267,30.4,Medium,14.2,False,Low
SUP063,Aksu Eraslan Gida Tic.,Gıda ve İçecek,Bursa,Small,2016.0,29.0,8016873386,44573485.02,7295409.15,18,9.0,139.76,,124.54,125.17,1243,120.0,2024-10-11,2025-11-11,60.0,,0.3,0.12,False,True,True,True,False,False,2025-Q4,False,0.5,0.06632990297389296,0.0018876345849276493,0.09654062751407884,True,76.66666666666666,31.9541738881574,0.012802912466099395,5.692445823148397,35.7,Medium,25.9,False,Low
SUP074,Yüksel Ambalaj Tic.,Ambalaj,Sakarya,Micro,2005.0,3.0,7567661829,4261512.74,8651233.95,25,9.0,143.88,145.49,,143.05,2433,243.0,2017-11-24,,60.0,False,0.14,0.69,False,True,True,,False,False,2025-Q4,True,0.36,0.008606942495279202,0.0022384444889318148,0.0998766954377312,True,55.199999999999996,0.0,0.018005298092382584,5.891291262986818,20.2,Low,27.7,True,Medium
SUP048,Şensoy Şama Kimya Tic.,Kimya,Ankara,Small,1994.0,13.0,8151820371,86976403.43,8651233.95,13,2.0,350.86,357.45,377.6,339.81,11053,573.0,2021-03-25,2026-04-29,90.0,,0.15,0.4,False,True,False,True,False,False,2025-Q4,True,0.15384615384615385,0.0445510254014712,0.0022384444889318148,0.051841129105220304,True,23.58974358974359,19.897861542641174,0.018005298092382584,3.028144128734664,13.7,Low,20.7,False,Low
SUP044,Kısakürek Tevetoğlu Çelik Tic.,Metal ve Çelik,Sakarya,Small,2002.0,,9156149784,94726668.16,15339854.71,33,3.0,127.78,155.6,129.86,,13304,2511.0,2017-10-09,,60.0,True,0.17,0.33,False,False,True,False,False,False,2025-Q4,True,0.09090909090909091,0.11249911483484565,0.003969076947296547,0.18874022850270594,True,13.939393939393941,57.51244414753983,0.05661675787353044,11.187978477483213,20.9,Low,20.5,False,Low
SUP018,Arslan İçecek Ltd. Şti.,Gıda ve İçecek,Konya,Small,1990.0,18.0,3362316656,33327239.36,2440107.64,47,18.0,198.16,264.3,216.12,223.52,15045,1240.0,2018-01-12,2025-11-12,90.0,False,0.14,0.17,False,True,False,False,False,True,2025-Q4,True,0.3829787234042553,0.12396504475727461,0.0006313602811721925,0.08241940844134264,False,58.723404255319146,63.85973325906187,0.0014291302646065077,4.850754322305461,37.2,High,13.6,True,Low
SUP021,Akdeniz Bilgin Otomotiv Tic.,Otomotiv Yan Sanayi,Manisa,Small,2010.0,22.0,2931491901,33061932.69,4162165.11,43,6.0,234.37,237.66,187.7,157.48,3773,813.0,2021-08-13,2024-11-10,60.0,False,0.23,0.37,False,True,False,True,False,False,2025-Q4,True,0.13953488372093023,0.18924988660846306,0.0010769302513780456,0.21547839915186853,False,21.3953488372093,100.0,0.004164844913031935,12.781700015798494,34.4,Medium,26.7,True,Medium
SUP014,Ergül Kimyasal Ürünler Ltd. Şti.,Kimya,Mersin,Small,2007.0,30.0,7981693409,67733356.47,8413123.65,15,5.0,107.1,122.39,114.07,115.68,12990,1221.0,2023-02-26,,90.0,True,0.27,0.44,False,True,False,False,,False,2025-Q4,True,0.3333333333333333,0.05467358845244555,0.002176835163386654,0.09399538106235565,False,51.11111111111111,25.501492008623806,0.017027615643469295,5.540737086464168,25.1,Low,32.1,False,Medium
SUP067,Akçay İnşaat Malzemeleri Tic.,İnşaat Malzemeleri,Tekirdağ,Small,2014.0,44.0,6854973341,79747507.16,21481009.21,57,5.0,,185.79,180.36,209.79,3951,466.0,2023-01-17,,,False,0.16,0.57,False,True,True,False,True,False,2025-Q4,True,0.08771929824561403,0.08157643518335717,0.005558056453070266,0.11794482409516578,True,13.450292397660817,40.39432209561317,0.11102612705163623,6.968237258142507,15.9,Low,26.2,False,Medium
SUP068,Demir Yüksel Kimyasal Ürünler San. ve Tic. A.Ş.,Kimya,Balıkesir,Large,1959.0,,1415747331,5934917818.18,194708467.52,267,29.0,1080.15,1202.13,895.63,1159.65,807875,47362.0,2025-07-01,2025-08-26,60.0,,0.14,0.07,True,True,False,True,True,False,2025-Q4,True,0.10861423220973783,0.12506200740291298,0.05037941391799991,0.0586254061581309,False,16.6541822721598,64.46698789113377,9.122191847694731,3.4325191550964753,24.7,Low,50.8,True,High
SUP043,Tarhan Safak Elektrik Tic.,Elektronik,Kayseri,Small,1985.0,21.0,3961201837,79068927.87,11448934.14,37,10.0,234.21,225.67,230.51,222.92,16120,1014.0,2019-06-01,2026-05-18,90.0,False,0.19,0.57,False,True,True,,False,False,2025-Q4,True,0.2702702702702703,0.021996033943189122,0.0029623292674712965,0.06290322580645161,False,41.44144144144145,7.411909451343328,0.03153631867720434,3.6874974555947753,16.9,Low,28.8,False,Medium
SUP035,Çamurcuoğlu Şensoy Yapi Tic.,İnşaat Malzemeleri,Ankara,Micro,2007.0,6.0,4394210472,5933265.58,1424746.95,20,1.0,56.79,51.19,49.26,61.8,1153,186.0,2023-06-04,,30.0,False,0.26,0.95,False,True,False,False,False,False,2025-Q4,True,0.05,0.10366649479083027,0.0003686430140234402,0.16131830008673026,False,7.666666666666668,52.62289803912322,0.0004848885179280131,9.553501739634697,17.3,Low,45.1,False,High
SUP045,Eraslan Mobilya Tic.,Mobilya,Kahramanmaraş,Small,1987.0,37.0,1715969661,95079167.85,23277811.31,14,2.0,85.84,87.85,91.08,117.47,579,972.0,2024-08-27,2025-10-25,60.0,True,0.06,0.34,False,True,False,True,False,False,2025-Q4,True,0.14285714285714285,0.1545132468052751,0.006022966058068996,1.6787564766839378,True,21.9047619047619,80.77055266469564,0.13037735697801367,100.0,42.9,High,11.3,False,Low
SUP069,Şama Yildirim Gida San. Tic. Ltd. Şti.,Gıda ve İçecek,Manisa,Medium,2001.0,,8734540195,315353859.35,5525632.11,50,6.0,953.92,843.16,759.86,801.54,90332,3140.0,2020-07-07,2024-10-29,45.0,False,0.13,0.73,False,True,False,False,False,True,2025-Q4,True,0.12,0.09938320218544655,0.001429717519602412,0.034760660673958284,False,18.4,50.251760530037906,0.007343177671391269,2.01006735824068,19.3,Low,28.0,False,Medium
SUP031,Alemdar Türk Mobilya Tic.,Mobilya,İstanbul,Small,,32.0,6886753392,87762424.1,7663610.36,38,9.0,327.85,302.87,312.92,284.08,12183,628.0,2017-08-23,2025-03-06,90.0,False,0.14,0.56,False,True,False,False,False,False,2025-Q4,True,0.23684210526315788,0.05984374172601058,0.0019829039966793136,0.0515472379545268,False,36.315789473684205,28.36357627045117,0.01412822416946992,3.010626824992152,20.3,Low,24.2,True,Low
SUP017,Kisakürek Mobilya San. ve Tic. A.Ş.,Mobilya,Bursa,Medium,1982.0,,3788957982,544939452.11,27363878.58,56,26.0,886.01,727.05,752.48,794.38,116886,8314.0,2018-10-25,2026-08-27,90.0,False,0.14,0.37,False,False,False,,True,False,2025-Q4,True,0.4642857142857143,0.08833077751893141,0.007080206541310831,0.07112913437024108,False,71.19047619047619,44.133378923286564,0.18016750241387955,4.177800544102215,36.6,High,19.0,True,Low
SUP033,Akça Plastik San. Tic. Ltd. Şti.,Plastik ve Kauçuk,Konya,Medium,1981.0,163.0,3400504557,384995038.54,47361290.88,130,5.0,553.45,517.76,558.15,473.19,94065,516.0,2020-04-13,2026-08-20,90.0,True,0.08,0.27,False,True,True,False,,False,2025-Q4,True,0.038461538461538464,0.07484637242238777,0.01225439297697326,0.005485568489874023,False,5.897435897435898,36.668705911704755,0.5397266999968556,0.2651332876893119,11.4,Low,11.1,False,Low
SUP034,Şensoy Soylu Mobilya Tic.,Mobilya,Balıkesir,Small,2014.0,28.0,9217594648,25756241.96,5013092.01,44,12.0,98.26,87.44,76.27,92.91,16369,2619.0,2022-01-17,2025-02-22,,False,0.13,0.12,False,True,False,True,False,False,2025-Q4,True,0.2727272727272727,0.10597700479447691,0.0012971014594158113,0.15999755635652757,False,41.81818181818181,53.90194606116994,0.006043470311525827,9.474779161450957,29.5,Low,11.3,False,Low
SUP004,Şafak Türk Lojistik Ltd. Şti.,Lojistik,Mersin,Small,1989.0,34.0,7978480182,48559044.46,7612198.95,46,17.0,307.99,311.17,270.95,275.79,4763,904.0,2018-03-04,2025-12-12,60.0,False,0.34,0.6,False,True,True,False,,True,2025-Q4,True,0.3695652173913043,0.07218154270120497,0.001969601664544056,0.18979634684022675,False,56.666666666666664,35.193514210049855,0.01393925391999681,11.250928129634131,30.3,Medium,42.4,False,High
SUP047,Akgündüz İçecek Tic.,Gıda ve İçecek,Ankara,Micro,2015.0,8.0,5490581475,7842056.85,1478166.29,30,6.0,38.62,38.28,35.87,39.87,821,150.0,2018-08-22,,90.0,True,0.09,0.37,False,True,False,True,,False,2025-Q4,True,0.2,0.04383496487119773,0.00038246488358753577,0.18270401948842874,False,30.66666666666667,19.501466026730622,0.0005222016982794243,10.828191847273802,17.2,Low,14.7,True,Low
SUP002,Yaman Korutürk Oto Yedek Parça San. Tic. Ltd. Şti.,Otomotiv Yan Sanayi,Kocaeli,Medium,1989.0,247.0,5131647525,862744929.71,88388510.61,59,22.0,137.19,180.27,177.31,141.56,52448,3185.0,2020-11-09,2025-03-02,60.0,True,0.05,0.22,False,True,False,True,False,False,2025-Q4,True,0.3728813559322034,0.14368677205690308,0.022869890654135618,0.060726815131177544,False,57.175141242937855,74.77725201211739,1.87983835308751,3.557773077105471,39.7,High,7.2,False,Low
SUP001,Korutürk Aslan İplik San. Tic. Ltd. Şti.,Tekstil,Trabzon,Medium,,,4794026545,225584135.67,5675065.75,138,34.0,334.8,284.23,373.67,270.45,55200,972.0,2018-08-02,,45.0,,0.02,0.3,False,False,False,False,,True,2025-Q4,True,0.2463768115942029,0.15035619024342856,0.0014683823979136754,0.017608695652173913,True,37.77777777777778,78.46929668027043,0.007745916173778469,0.9877290525157826,33.0,Medium,6.8,False,Low
SUP020,Ülker Bilgin Kauçuk Tic.,Plastik ve Kauçuk,Kocaeli,Small,1986.0,44.0,1531003305,22212953.85,3071516.97,10,6.0,,237.7,262.26,228.42,1943,139.0,2017-11-16,2024-10-15,45.0,False,0.25,0.44,True,True,False,True,False,False,2025-Q4,True,0.6,0.0720180663078087,0.0007947328986701426,0.07153885743695317,True,92.0,35.10301723869079,0.0022665058968544846,4.202221978340615,41.6,High,70.4,False,High
SUP064,Tevetoğlu Şafak Mobilya Tic.,Mobilya,Ankara,Small,2009.0,42.0,8849912163,58302167.44,14063773.9,45,9.0,174.53,215.01,176.78,183.48,11739,998.0,2025-09-01,2026-07-19,60.0,False,0.21,1.15,False,True,False,True,False,False,2025-Q4,True,0.2,0.10009314883088237,0.0036389002264859685,0.08501575943436408,False,30.66666666666667,50.6447715324444,0.047588399297476686,5.0055091315591795,24.2,Low,46.3,False,High
SUP073,Şama Elektronik San. Tic. Ltd. Şti.,Elektronik,Gaziantep,Medium,2003.0,79.0,4971870724,636233018.98,77636343.42,121,0.0,765.25,765.23,694.88,653.68,43087,8506.0,2017-03-24,,90.0,False,0.14,0.34,False,True,False,True,True,False,2025-Q4,True,0.0,0.07661383743282633,0.02008784481771144,0.1974145333859401,False,0.0,37.6471360514013,1.4503031042817809,11.705008109155365,11.5,Low,18.2,True,Low
SUP053,Şener Otomotiv Ltd. Şti.,Otomotiv Yan Sanayi,Çorum,Small,1994.0,45.0,9614341038,23144437.61,835679.0,51,8.0,168.61,149.34,133.77,147.22,12128,723.0,2021-10-08,2026-06-25,90.0,,0.14,0.46,False,True,False,,False,False,2025-Q4,True,0.1568627450980392,0.09582516352913896,0.00021622592370953628,0.059614116094986805,False,24.052287581699346,48.282107813307235,0.00016449378214902145,3.4914509474838105,21.0,Low,21.5,False,Low
SUP008,Dumanli Zengin Otomotiv Ltd. Şti.,Otomotiv Yan Sanayi,Van,Small,2000.0,20.0,7773602601,50375219.3,6425597.59,30,6.0,102.57,79.9,94.31,117.71,3279,326.0,,2025-02-28,90.0,False,0.1,0.58,False,True,False,,False,False,2025-Q4,True,0.2,0.16022022663650975,0.0016625771070991615,0.09942055504727051,False,30.66666666666667,83.92981241837796,0.009931200710304514,5.864103136532269,32.6,Medium,21.3,False,Low
SUP040,Yaman Zorlu Metal Ltd. Şti.,Metal ve Çelik,Eskişehir,Small,2018.0,29.0,8007661779,21408268.93,2513844.82,10,3.0,103.02,,115.34,,3252,633.0,2022-11-07,2025-02-27,30.0,False,0.14,0.88,False,False,False,True,False,False,2025-Q4,True,0.3,0.07979076336525252,0.000650439245531996,0.19464944649446494,True,46.0,39.4058130636823,0.0015170260502147578,11.540195841626689,27.7,Low,32.9,False,Medium
SUP028,Ertaş Kısakürek Taşımacılık Holding A.Ş.,Lojistik,İzmir,Large,1986.0,414.0,3787429673,5186256634.29,321970493.98,361,77.0,2108.11,2093.68,2566.52,,546240,163292.0,2020-11-09,2025-01-14,30.0,True,0.1,0.68,False,True,False,True,False,False,2025-Q4,True,0.21329639889196675,0.11919911562574712,0.08330754687869528,0.2989381956649092,True,32.70544783010157,61.2214186794781,24.943751957827452,17.756298952708534,35.7,Medium,24.0,False,Low
SUP025,Ülker Kimya Ltd. Şti.,Kimya,Kocaeli,Small,,,7719022941,72767565.36,4299557.29,11,2.0,230.12,215.07,225.59,185.59,1627,972.0,2022-09-26,2025-02-19,30.0,False,0.15,0.32,False,True,False,True,False,False,2025-Q4,True,0.18181818181818182,0.0935117630175955,0.0011124794886222108,0.5974185617701291,True,27.878787878787882,47.00145966903542,0.004444582278979235,35.54714165723803,26.8,Low,18.5,False,Low
SUP058,Yorulmaz Çelik San. ve Tic. A.Ş.,Metal ve Çelik,Denizli,Medium,1976.0,238.0,3786814479,129146791.58,3854651.49,79,20.0,,1220.91,1128.28,1087.3,62124,4320.0,2021-12-03,,45.0,False,0.13,0.37,False,True,False,False,True,False,2025-Q4,True,0.25316455696202533,0.05975456409777659,0.0009973633165409092,0.06953834266949971,True,38.81856540084389,28.314209477481878,0.0035716519406289783,4.082981828577108,21.3,Low,18.2,True,Low
SUP023,Karadeniz Demir Çelik Tic.,Metal ve Çelik,,Small,2000.0,40.0,8701436349,81804912.11,8518468.34,21,8.0,109.14,85.25,105.6,105.55,7036,1182.0,2024-05-28,2026-01-16,60.0,False,0.18,0.91,False,True,False,False,False,,2025-Q4,True,0.38095238095238093,0.10738446921646505,0.0022040923433602378,0.16799317794201252,False,58.412698412698404,54.681087714832465,0.017456796297331177,9.951356055966551,35.6,Medium,37.2,False,Medium
SUP006,Tevetoğlu Otomotiv Tic.,Otomotiv Yan Sanayi,Eskişehir,Small,2008.0,38.0,9713315090,,3206847.51,47,23.0,,388.46,303.04,364.34,10270,954.0,2020-08-25,2025-10-07,45.0,False,0.13,0.81,False,True,False,True,True,False,2025-Q4,True,0.48936170212765956,0.12512674184596537,0.0008297487014097235,0.0928919182083739,True,75.0354609929078,64.50282346908573,0.0024709487966057125,5.474965477022494,43.2,High,30.2,False,Medium
SUP011,Şafak Otomotiv Ltd. Şti.,Otomotiv Yan Sanayi,Konya,Small,1994.0,27.0,5935348749,49436611.57,6933819.78,25,5.0,126.96,124.93,,116.8,6079,972.0,2019-05-30,2026-03-06,30.0,True,0.18,0.2,False,True,False,True,False,False,2025-Q4,True,0.2,0.04374849932951596,0.0017940759391655813,0.15989471952623788,True,30.66666666666667,19.45360058581553,0.011564895163651551,9.468649599577962,17.0,Low,17.8,False,Low
SUP079,Şafak Nakliyat Tic.,Lojistik,İstanbul,Small,1994.0,11.0,5899642355,42368015.62,9988887.83,44,13.0,,122.76,155.76,157.38,6169,817.0,2018-05-05,2026-02-03,45.0,False,0.1,0.55,False,True,False,True,False,False,2025-Q4,True,0.29545454545454547,0.13445981438643873,0.0025845527982307744,0.13243637542551467,True,45.303030303030305,69.66940918118839,0.024004896650696692,7.83200231454145,34.5,Medium,20.5,False,Low
SUP029,Şener Sezer Çelik Ltd. Şti.,Metal ve Çelik,Tekirdağ,Small,2017.0,10.0,9760385974,39682329.72,6784733.56,51,9.0,319.86,344.06,363.25,448.18,2178,209.0,2021-04-14,2026-08-29,90.0,False,0.24,0.36,False,True,True,True,False,False,2025-Q4,True,0.17647058823529413,0.1512719833182115,0.0017555009532776228,0.09595959595959595,False,27.058823529411768,78.97625978324618,0.011072770067197065,5.657813592134149,30.1,Medium,27.3,False,Medium
SUP050,Yilmaz Makine San. Tic. Ltd. Şti.,Makine İmalat,Şanlıurfa,Medium,1981.0,179.0,9805929621,703410436.07,57127954.09,106,25.0,177.01,178.94,141.42,164.57,80139,1028.0,2019-05-20,,45.0,True,0.1,0.98,True,True,False,True,False,True,2025-Q4,True,0.2358490566037736,0.10430539413956379,0.01478144675496959,0.012827711850659479,False,36.16352201257861,52.976578805272155,0.7852809730981498,0.7027597867126768,26.2,Low,72.2,False,High
SUP037,Durmuş Duran Plastik Ltd. Şti.,Plastik ve Kauçuk,Bursa,Small,2004.0,36.0,2200471139,44292294.93,8068710.06,58,24.0,,117.35,116.86,102.06,11284,677.0,2020-11-20,2026-04-11,45.0,False,0.16,0.32,False,True,False,True,False,False,2025-Q4,True,0.41379310344827586,0.07752421529564738,0.002087720627020576,0.05999645515774548,True,63.44827586206896,38.151101410962,0.015661726349754167,3.51424016546185,32.3,Medium,19.4,False,Low
SUP070,Bilgin Tekstil San. Tic. Ltd. Şti.,Tekstil,Manisa,Medium,1981.0,135.0,5788728743,258209836.78,34114358.25,62,8.0,984.3,941.9,,998.62,74274,8472.0,2020-08-09,,45.0,False,0.1,0.76,False,True,False,True,True,True,2025-Q4,True,0.12903225806451613,0.03025387014829127,0.008826844547205673,0.11406414088375474,True,19.78494623655914,11.98326774360417,0.2800261615944572,6.7369301691663965,11.0,Low,26.2,False,Medium
SUP038,Zengin Makine İmalat Ltd. Şti.,Makine İmalat,Bursa,Small,,16.0,6850643170,76804211.33,4438280.39,47,22.0,180.9,188.9,190.03,181.68,7783,893.0,2021-02-28,2026-04-13,30.0,False,0.08,0.33,False,False,False,True,False,True,2025-Q4,True,0.46808510638297873,0.02563962021417946,0.0011483730918327142,0.11473724784787358,False,71.77304964539007,9.428919464592122,0.004736246026134713,6.777050530442488,28.5,Low,12.8,False,Low
SUP027,Şener Aksu Makine Ltd. Şti.,Makine İmalat,Aydın,Small,1994.0,14.0,1249947179,16406178.41,1212485.71,30,6.0,359.7,416.55,370.65,388.41,11307,2064.0,2017-11-27,2025-12-27,60.0,False,0.11,0.92,False,True,False,True,False,False,2025-Q4,True,0.2,0.06465478757905349,0.00031372194661988983,0.1825417882727514,False,30.66666666666667,31.02686648455911,0.00035019433640776174,10.818522098882838,20.1,Low,31.4,False,Medium
SUP082,Gülen Gül Çelik Tic.,Metal ve Çelik,İzmir,Small,1985.0,20.0,2765918039,99120972.85,7736504.99,34,8.0,254.1,206.29,266.84,268.14,7254,559.0,2018-05-14,,45.0,False,0.15,0.36,True,True,False,True,False,True,2025-Q4,True,0.23529411764705882,0.11680856236203531,0.002001764957293634,0.07706093189964158,False,36.07843137254902,59.898060451761225,0.014398339480930044,4.531363755571471,28.3,Low,59.6,False,High
SUP049,Şafak Çelik San. Tic. Ltd. Şti.,Metal ve Çelik,Adana,Medium,1984.0,139.0,5629148653,,86464207.79,85,13.0,444.86,392.41,434.03,504.72,44389,8825.0,2018-08-04,2025-04-25,45.0,False,0.13,0.51,False,False,False,True,False,False,2025-Q4,True,0.15294117647058825,0.10442002436051072,0.022371991155941497,0.19881051611885828,False,23.450980392156865,53.04003559928627,1.7988774212724146,11.788215288051788,23.7,Low,22.0,False,Low
SUP013,Corlu İnsaat Malzemeleri San. Tic. Ltd. Şti.,İnşaat Malzemeleri,Şanlıurfa,Medium,1981.0,147.0,1733754337,936892914.12,126367330.88,112,20.0,217.89,270.57,,260.37,131972,7035.0,,,30.0,,0.05,0.33,False,True,False,True,False,False,2025-Q4,True,0.17857142857142858,0.11193355693076278,0.03269663692187623,0.05330676204043282,True,27.380952380952383,57.19936360799298,3.8423676517079626,3.1155027893835583,25.3,Low,10.2,False,Low
SUP036,Eraslan Yaman Oto Yedek Parça San. ve Tic. A.Ş.,Otomotiv Yan Sanayi,Denizli,Medium,1982.0,169.0,2236851603,258076063.4,6617692.11,93,3.0,961.63,862.49,901.91,898.44,59013,7603.0,2024-07-01,2024-12-29,60.0,False,0.15,0.37,False,True,False,True,False,False,2025-Q4,True,0.03225806451612903,0.045331556414173475,0.001712280180918822,0.1288360191822141,False,4.946236559139785,20.329946513650736,0.01053408200457264,7.617404039818577,8.0,Low,19.9,True,Low
SUP057,İhsanoğlu Arsoy Oto Yedek Parça Tic.,Otomotiv Yan Sanayi,Şanlıurfa,Small,1988.0,14.0,7582029704,50132418.68,9749492.1,28,14.0,138.41,138.45,143.83,122.58,12076,1817.0,2017-01-09,2024-12-05,45.0,True,0.25,0.43,False,True,True,,False,False,2025-Q4,True,0.5,0.06762617882773804,0.0025226108769292118,0.15046372971182512,False,76.66666666666666,32.671763971849174,0.022867904158185647,8.90651796416885,36.3,High,30.1,False,Medium
SUP066,Hancer Gulen Demir Celik Ltd. Şti.,Metal ve Çelik,Adana,Micro,2015.0,3.0,9962309131,6045170.35,1974579.87,25,7.0,200.1,182.9,200.47,199.29,1035,19.0,2020-02-11,,30.0,False,0.21,0.6,False,True,True,True,True,False,2025-Q4,True,0.28,0.04364501909229758,0.0005109083228476557,0.018357487922705314,False,42.93333333333334,19.39631617998037,0.000934620064719721,1.0323606163175219,20.0,Low,31.3,False,Medium
SUP041,İnonu Gida Ltd. Şti.,Gıda ve İçecek,İstanbul,Small,2011.0,31.0,8661565458,66976905.19,10919796.93,14,4.0,126.13,104.71,104.2,115.98,2764,86.0,2025-02-01,,45.0,False,0.25,0.24,False,True,False,True,False,True,2025-Q4,True,0.2857142857142857,0.0926213429266447,0.00282541882458433,0.031114327062228653,False,43.8095238095238,46.508542497361724,0.028688322877875157,1.792728614721274,27.2,Low,24.9,False,Low
SUP055,Aksu Duran Kimya Grup A.Ş.,Kimya,Sakarya,Large,1961.0,802.0,2704303056,3413617452.14,264335671.32,98,4.0,4281.26,3657.6,4218.79,3599.76,512091,52104.0,,2026-04-25,60.0,True,0.02,0.34,False,True,False,,True,True,2025-Q4,True,0.04081632653061224,0.09149053370949027,0.06839495153108714,0.1017475409643989,False,6.258503401360543,45.882551140375256,16.8128426804298,6.002802512198047,18.8,Low,7.9,False,Low
SUP077,Çetin Güçlü Ambalaj Tic.,Ambalaj,Adana,Small,2014.0,13.0,9668825348,70420827.23,14498710.23,11,6.0,358.7,372.16,376.71,376.61,5547,356.0,,2025-03-17,45.0,False,0.13,1.09,False,True,True,True,True,False,2025-Q4,False,0.5454545454545454,0.0229058257310473,0.0037514368699927284,0.06417883540652605,False,83.63636363636363,7.91555037256754,0.05057757438989478,3.7635298259762564,31.8,Medium,37.8,False,Medium
SUP056,Hayrioğlu Soylu Nakliyat Grup A.Ş.,Lojistik,Denizli,Large,1961.0,2282.0,8584161691,5528303491.61,161095655.72,311,92.0,259.96,300.65,296.73,334.56,385588,400.0,2016-09-13,2025-12-19,45.0,True,0.23,0.45,False,True,False,,False,True,2025-Q4,True,0.2958199356913183,0.10238614991053901,0.04168234090320619,0.0010373766818469455,False,45.359056806002144,51.91412699546206,6.244491868931534,0.0,30.4,Medium,28.9,False,Medium
SUP015,Eraslan Sezgin Nakliyat San. ve Tic. A.Ş.,Lojistik,Sakarya,Large,1976.0,2973.0,7299868043,7642121401.8,644666586.67,208,52.0,2087.44,2119.38,,2287.63,510916,10910.0,2022-07-18,2025-12-22,60.0,True,0.1,0.2,False,True,False,True,,False,2025-Q4,False,0.25,0.04968168568156482,0.16680283719872652,0.021353803756390483,True,38.33333333333333,22.73808334332161,100.0,1.210955223345685,44.3,High,10.9,False,Low
SUP005,Bilir Kimya Ltd. Şti.,Kimya,Manisa,Small,2018.0,10.0,6701543031,95843433.48,22350649.66,33,10.0,188.82,231.28,229.92,171.85,3415,295.0,2017-03-14,2024-11-21,30.0,True,0.26,0.05,False,True,True,True,False,False,2025-Q4,True,0.30303030303030304,0.1452354532902281,0.0057830696574183785,0.08638360175695461,False,46.464646464646464,75.63456821725778,0.1201979852703877,5.087039008794815,36.0,Medium,20.6,False,Low
SUP009,Bilge Ambalaj San. ve Tic. A.Ş.,Ambalaj,Adana,Medium,2005.0,178.0,9208121918,757454785.67,85300222.52,82,6.0,712.63,932.88,645.17,874.72,56089,5901.0,2021-06-04,2026-05-31,,False,0.08,0.24,False,True,False,True,True,True,2025-Q4,True,0.07317073170731707,0.17039432268530766,0.022070818348930616,0.10520779475476474,False,11.21951219512195,89.56197042972171,1.7507701846492263,6.209050017537977,27.7,Low,10.3,False,Low
SUP010,Sezgin Mobilya Holding A.Ş.,Mobilya,Konya,Large,1998.0,547.0,1799118380,5335670572.32,155525824.47,232,12.0,2521.99,2549.26,,2917.64,626547,123013.0,2016-10-20,2026-04-22,60.0,True,0.09,0.29,False,True,False,True,True,False,2025-Q4,True,0.05172413793103448,0.08298181293407163,0.04024118717439705,0.19633483202377475,True,7.93103448275862,41.17230861350002,5.820153692707007,11.640652797103188,16.3,Low,12.5,False,Low
SUP019,Akar İnşaat Malzemeleri Ltd. Şti.,İnşaat Malzemeleri,İzmir,Small,2012.0,41.0,1656272985,72597068.78,13337081.9,34,8.0,241.8,215.02,276.13,307.02,12884,1835.0,2022-11-05,,30.0,False,0.15,0.25,False,True,True,True,False,False,2025-Q4,True,0.23529411764705882,0.15425867579761468,0.003450873904235044,0.14242471282210495,False,36.07843137254902,80.6296276986472,0.04279720040744458,8.427354504105116,34.1,Medium,16.6,False,Low
SUP080,Seven Ambalaj San. ve Tic. A.Ş.,Ambalaj,Konya,Medium,1978.0,184.0,1100623127,403807855.63,50154595.72,119,9.0,1066.61,1044.36,1265.65,1181.55,91406,5494.0,2022-09-20,2025-08-05,,True,0.09,0.26,False,True,False,True,False,False,2025-Q4,True,0.07563025210084033,0.09069842677694834,0.012977140490350187,0.06010546353631053,False,11.596638655462185,45.444057992231244,0.6052692600491011,3.5207375808256556,16.1,Low,11.7,False,Low
SUP072,Erdogan Akcay Makine İmalat Ltd. Şti.,Makine İmalat,Ankara,Small,2008.0,49.0,4327279560,42359688.15,3452574.53,47,3.0,115.96,135.93,125.38,106.6,695,83.0,2017-09-10,,90.0,False,0.37,0.07,False,True,,True,False,True,2025-Q4,True,0.06382978723404255,0.10400335948888431,0.0008933287984085613,0.11942446043165468,False,9.787234042553191,52.80937900006403,0.0028646975085583693,7.05643058779388,17.7,Low,30.5,False,Medium
SUP084,Akar Oto Yedek Parça Tic.,Otomotiv Yan Sanayi,Adana,Small,2009.0,15.0,5311426261,95937255.72,8651233.95,32,3.0,307.29,340.34,328.99,295.66,9877,874.0,2020-12-03,2025-02-05,60.0,False,0.15,0.4,False,False,False,False,False,False,2025-Q4,True,0.09375,0.0637538806859005,0.0022384444889318148,0.08848840741115724,True,14.374999999999998,30.528144047557358,0.018005298092382584,5.212495389079215,13.4,Low,20.7,False,Low
SUP059,Durdu Akca Ambalaj Tic.,Ambalaj,Manisa,Small,1996.0,33.0,9313237056,16664683.53,1100033.76,22,2.0,63.87,73.37,79.05,81.29,2377,479.0,2020-10-15,2026-07-23,,False,0.37,0.46,False,False,False,,False,,2025-Q4,True,0.09090909090909091,0.10441874208156064,0.00028462581429912004,0.20151451409339505,False,13.939393939393941,53.0393257575837,0.00028762204173480964,11.94938636696085,19.9,Low,41.2,False,High
SUP022,Aslan Oto Yedek Parça San. ve Tic. A.Ş.,Otomotiv Yan Sanayi,Aydın,Medium,2012.0,118.0,6314737996,,8651233.95,106,25.0,431.34,436.58,397.96,387.26,87580,436.0,2018-05-30,,90.0,True,0.08,0.51,True,True,False,False,False,False,2025-Q4,True,0.2358490566037736,0.05895177038089742,0.0022384444889318148,0.0049783055492121486,True,36.16352201257861,27.869800358254842,0.018005298092382584,0.23489801524941165,19.7,Low,57.7,False,High
SUP039,Zengin Gülen Mobilya San. Tic. Ltd. Şti.,Mobilya,Manisa,Medium,1975.0,120.0,3284210201,319212007.45,9880687.66,52,9.0,1014.23,1044.21,998.67,1187.09,17441,44.0,2023-12-25,2026-08-08,60.0,False,0.04,0.41,False,False,False,True,False,False,2025-Q4,True,0.17307692307692307,0.08117050281973666,0.0025565567833688734,0.002522791124362135,False,26.53846153846154,40.16960677910118,0.02348759218822009,0.08853773212174425,19.4,Low,11.5,False,Low
SUP003,Korutürk Makine İmalat San. Tic. Ltd. Şti.,Makine İmalat,Kocaeli,Medium,1995.0,152.0,5139537675,671480459.38,50013621.05,141,48.0,130.13,148.92,157.72,154.82,89930,2192.0,2018-06-08,2026-02-17,45.0,True,0.14,0.06,False,True,True,True,False,,2025-Q4,True,0.3404255319148936,0.08382840549250747,0.012940664309615244,0.024374513510508174,False,52.198581560283685,41.64096381760554,0.6018714372809196,1.3910038235025246,29.0,Low,10.6,True,Low
SUP054,Akar Manço Oto Yedek Parça San. Tic. Ltd. Şti.,Otomotiv Yan Sanayi,Gaziantep,Medium,2008.0,142.0,2888880672,637065138.54,8651233.95,51,20.0,1181.86,1015.09,1140.81,1106.79,125656,16644.0,2025-04-30,2025-12-27,30.0,,0.14,0.63,False,True,False,True,False,True,2025-Q4,True,0.39215686274509803,0.06390514164179473,0.0022384444889318148,0.13245686636531484,False,60.130718954248366,30.611878818730847,0.018005298092382584,7.833223671549315,29.9,Low,26.1,False,Medium
SUP076,Yaman Gül İplik San. ve Tic. A.Ş.,Tekstil,Diyarbakır,Medium,,110.0,5283644089,495066530.34,45204429.81,76,12.0,123.02,110.41,110.02,100.99,114224,9474.0,2020-05-03,,45.0,False,0.05,0.32,False,True,False,True,False,False,2025-Q4,True,0.15789473684210525,0.08148944109463598,0.011696320706192387,0.08294228883597142,False,24.210526315789473,40.346164062567226,0.491686804757125,4.881920468928464,19.4,Low,9.9,False,Low
SUP085,Şafak Kimyasal Ürünler Tic.,Kimya,Sakarya,Micro,2012.0,2.0,9398262248,1471198.43,121373.26,19,2.0,156.86,154.76,148.48,161.19,3447,620.0,2024-04-28,2024-12-27,60.0,False,0.31,0.38,False,True,False,True,False,False,2025-Q4,True,0.10526315789473684,0.03405317393288671,3.140445704288095e-05,0.17986655062373078,False,16.140350877192983,14.086479581324744,0.0,10.659065271514223,10.8,Low,33.9,False,Medium
SUP016,Ertaş Duran Mobilya San. Tic. Ltd. Şti.,Mobilya,Van,Medium,1990.0,222.0,5332003793,497943819.37,18926442.82,119,32.0,571.9,538.15,596.77,578.5,59969,8779.0,2017-06-06,2026-03-30,30.0,False,0.1,0.45,False,True,False,True,False,False,2025-Q4,True,0.2689075630252101,0.042871558259923614,0.004897080794527828,0.14639230268972303,False,41.232492997198875,18.968145106833255,0.08618860000220886,8.663841641171931,20.5,Low,17.8,False,Low
